ID,Email,First Name,Last Name,Full Name,Company,Title,Industry,State,Country,Location,LinkedIn URL,Website,Company Description,Status,allStatuses,statusUpdatedAt,Source,Email Provider,Email Security Gateway,Email Sent,Email Opens,Email Bounces,Date Added,Acquisity Target Niche,Acquisity Target Industry,Acquisity Target Job Titles,Acquisity Locations,Acquisity Structured Locations,Acquisity Company Size,Acquisity Campaign Method,Acquisity SuperSearch Filters,Influencer_Marketing_Signal,Evidence,Domain_Match
6990266d-320c-487f-b9cd-7073e2d24b06,srishti.tyagi@hypd.in,Srishti,Tyagi,,Hypd,Brand Manager (Influencer Marketing),Software & Internet,,,"North West Delhi, Delhi, India",https://linkedin.com/in/srishti-tyagi-0b797b1a9,https://www.hypd.in,HYPD is Asia's first Creator-tech startup that turns Creators into Creator-Preneurs by enabling them to monetise their influence through their own Creator stores!🚀,Not Yet Contacted,,2026-07-27T21:00:33.545Z,,Google,,No,0,0,2026-07-27,"Brand Marketing & Partnerships Contacts at SaaS, AI Tools & Tech Hardware Companies","Computer Software, Information Technology and Services, Computer Hardware, Semiconductors","Chief Marketing Officer, VP Marketing, Director of Marketing, Head of Marketing, Brand Manager, Partnership Manager, Influencer Marketing Manager, Head of Partnerships, Head of Influencer Marketing, Growth Marketing Manager, Partnerships Manager",,,"1-10, 11-20, 21-50, 51-100, 101-200",direct,"{""industry"":[""Computer Software"",""Information Technology and Services"",""Computer Hardware""],""keywordFilterInclude"":""brand marketing, influencer marketing, creator sponsorships, brand partnerships, marketing partnerships, affiliate marketing, digital marketing, content marketing""}",CONFIRMED,"""creator"" — ""...HYPD is Asia's first Creator-tech startup that turns Creators into C...""",YES
64f5c615-9122-4100-b51e-cd9399ec8242,teo@gabooja.com,Teo,Kostadinov,,Gabooja,Head of Partnerships,Software & Internet,,,United Kingdom,https://linkedin.com/in/teo-kostadinov-4bb726259,https://www.gabooja.com,"Because social commerce should feel as natural as posting a story.

Gabooja helps creators monetize moments. We’re building a simple way to sell products without inventory, overhead, or delays.

No storefronts. No supply headaches. No minimums.

Just rapid setup, AI-powered design tools, and seamless fulfillment — from idea to product sale in days, not months.

Fans stay in the moment. Creators stay in control.",Not Yet Contacted,,2026-07-27T21:00:33.545Z,,Google,,No,0,0,2026-07-27,"Brand Marketing & Partnerships Contacts at SaaS, AI Tools & Tech Hardware Companies","Computer Software, Information Technology and Services, Computer Hardware, Semiconductors","Chief Marketing Officer, VP Marketing, Director of Marketing, Head of Marketing, Brand Manager, Partnership Manager, Influencer Marketing Manager, Head of Partnerships, Head of Influencer Marketing, Growth Marketing Manager, Partnerships Manager",,,"1-10, 11-20, 21-50, 51-100, 101-200",direct,"{""industry"":[""Computer Software"",""Information Technology and Services"",""Computer Hardware""],""keywordFilterInclude"":""brand marketing, influencer marketing, creator sponsorships, brand partnerships, marketing partnerships, affiliate marketing, digital marketing, content marketing""}",CONFIRMED,"""creator"" — ""...ural as posting a story.  Gabooja helps creators monetize moments. We’re building a sim...""",YES
8fc452ab-895c-44ec-86f7-e0dc1d259052,thomas.devaux@caast.tv,Thomas,Devaux,,Caast,Head of Partnerships,Software & Internet,,,"Dubai, Dubai, United Arab Emirates",https://linkedin.com/in/thomas-devaux-322599a0,https://caast.tv,"Caast.TV is committed to provide top-of-the-line Live Commerce experiences for brands, e-commerce sites and marketplaces.

Our teams will help you reach your full potential by helping you integrate live streams and shoppable videos into your marketing mix. With minimal effort, integrate our plug-and-play cloud solution and showcase video content creators and product experts demonstrating your products in order to boost sales, conversions and engagement directly on your website and simultaneously in all your social media.

Let your audience buy your product, book reservations or participate in all kind of interactions directly from the livestream interface. Our in-live partner integrations will allow you to integrate all kind of experiences to make your #livecommerce event a memorable one.

Our experts will guide you through the #LiveShopping journey from an original idea to the live stream production itself and beyond. Our experience with more than 700 live commerce events will provide you with the best practices you need to create and promote your event, optimize for conversion and make sure your return on investment continues growing after the live has finished.

Welcome to the new dimension of online sales.",Not Yet Contacted,,2026-07-27T21:00:33.545Z,,Google,,No,0,0,2026-07-27,"Brand Marketing & Partnerships Contacts at SaaS, AI Tools & Tech Hardware Companies","Computer Software, Information Technology and Services, Computer Hardware, Semiconductors","Chief Marketing Officer, VP Marketing, Director of Marketing, Head of Marketing, Brand Manager, Partnership Manager, Influencer Marketing Manager, Head of Partnerships, Head of Influencer Marketing, Growth Marketing Manager, Partnerships Manager",,,"1-10, 11-20, 21-50, 51-100, 101-200",direct,"{""industry"":[""Computer Software"",""Information Technology and Services"",""Computer Hardware""],""keywordFilterInclude"":""brand marketing, influencer marketing, creator sponsorships, brand partnerships, marketing partnerships, affiliate marketing, digital marketing, content marketing""}",CONFIRMED,"""content creator"" — ""...-play cloud solution and showcase video content creators and product experts demonstrating your...""",YES
09f0efb0-2cad-4e18-a078-7eefcc1ad762,tom.boster@upfluence.com,Tom,Boster,,Upfluence,Head of Partnerships,Software & Internet,,,"Seattle, Washington, United States",https://linkedin.com/in/trboster,https://upfluence.com,"Influencer marketing platform for eCommerce & social commerce, helping brands & agencies generate online sales through creators, affiliates & ambassadors. 

We're hiring! Check out our open positions here: https://upfluence.com/careers

Upfluence is the only influencer marketing software with a dedicated offering for eCommerce brands. We help brands drive online sales through organic influencer partnerships. Upfluence leverages social data, brand affinity and authenticity to turn your customers into your best performing influencers. Our data-driven approach to influencer marketing delivers a high ROI for each of our 1300+ clients.",Not Yet Contacted,,2026-07-27T21:00:33.545Z,,Google,,No,0,0,2026-07-27,"Brand Marketing & Partnerships Contacts at SaaS, AI Tools & Tech Hardware Companies","Computer Software, Information Technology and Services, Computer Hardware, Semiconductors","Chief Marketing Officer, VP Marketing, Director of Marketing, Head of Marketing, Brand Manager, Partnership Manager, Influencer Marketing Manager, Head of Partnerships, Head of Influencer Marketing, Growth Marketing Manager, Partnerships Manager",,,"1-10, 11-20, 21-50, 51-100, 101-200",direct,"{""industry"":[""Computer Software"",""Information Technology and Services"",""Computer Hardware""],""keywordFilterInclude"":""brand marketing, influencer marketing, creator sponsorships, brand partnerships, marketing partnerships, affiliate marketing, digital marketing, content marketing""}",CONFIRMED,"""influencer"" — ""...Influencer marketing platform for eCommerce & soci...""",YES
49f795c4-8bed-4233-8c2b-d0c4434eac71,yana.sm@flaminjoy.com,Yana,Stoica-marcu,,Flaminjoy,Influencer Marketing Manager,Software & Internet,,,"Bucharest, Bucharest, Romania",https://linkedin.com/in/yana-stoica-marcu-62a930210,https://www.flaminjoy.com,"Flaminjoy simplifies every step of your influencer marketing journey, from discovering the right creators to launching, managing campaigns, and amplifying results using Social Products.

With advanced analytics, seamless integrations, and real-time performance tracking, we help you drive authentic engagement, and boost brand visibility.

Your brand achieves measurable amplification results in social, publishers, TV, DOOH, and special platforms.",Not Yet Contacted,,2026-07-27T21:00:33.545Z,,Google,,No,0,0,2026-07-27,"Brand Marketing & Partnerships Contacts at SaaS, AI Tools & Tech Hardware Companies","Computer Software, Information Technology and Services, Computer Hardware, Semiconductors","Chief Marketing Officer, VP Marketing, Director of Marketing, Head of Marketing, Brand Manager, Partnership Manager, Influencer Marketing Manager, Head of Partnerships, Head of Influencer Marketing, Growth Marketing Manager, Partnerships Manager",,,"1-10, 11-20, 21-50, 51-100, 101-200",direct,"{""industry"":[""Computer Software"",""Information Technology and Services"",""Computer Hardware""],""keywordFilterInclude"":""brand marketing, influencer marketing, creator sponsorships, brand partnerships, marketing partnerships, affiliate marketing, digital marketing, content marketing""}",CONFIRMED,"""influencer"" — ""...Flaminjoy simplifies every step of your influencer marketing journey, from discovering the...""",YES
fe24f9fe-cf5a-41a9-b158-601ff2fed2f7,sabrina@beacons.ai,Sabrina,Haschak,,Beacons Ai,Head of Partnerships,Software & Internet,,,United States,https://linkedin.com/in/sabrina-haschak,https://beacons.ai/,"Our mission at Beacons is to simplify the process for all creators. We are building a home online that helps creators build connections with their audiences and provides ease in monetizing their brand all while being given the creative freedom to fully customize their pages.

As the world moves online, we believe everyone should have their own website where they can fully express themselves. A website with your own branding and your message, and we strive to provide the building blocks for this new mobile, online world.",Not Yet Contacted,,2026-07-27T21:00:18.516Z,,Google,,No,0,0,2026-07-27,"Brand Marketing & Partnerships Contacts at SaaS, AI Tools & Tech Hardware Companies","Computer Software, Information Technology and Services, Computer Hardware, Semiconductors","Chief Marketing Officer, VP Marketing, Director of Marketing, Head of Marketing, Brand Manager, Partnership Manager, Influencer Marketing Manager, Head of Partnerships, Head of Influencer Marketing, Growth Marketing Manager, Partnerships Manager",,,"1-10, 11-20, 21-50, 51-100, 101-200",direct,"{""industry"":[""Computer Software"",""Information Technology and Services"",""Computer Hardware""],""keywordFilterInclude"":""brand marketing, influencer marketing, creator sponsorships, brand partnerships, marketing partnerships, affiliate marketing, digital marketing, content marketing""}",CONFIRMED,"""creator"" — ""...cons is to simplify the process for all creators. We are building a home online that he...""",YES
6efe5c8e-f1b4-439d-b6ab-6843bf7040e3,sacha@joinroster.co,Sacha,B.,,Roster,Creator Partnerships Manager,Software & Internet,,,United Kingdom,https://linkedin.com/in/sacha-bushby,https://www.joinroster.co,"Roster is an AI-powered hiring platform helping brands & media companies discover and hire creative talent globally.

Powered by a proprietary recommendation engine, Roster analyses a company's content and instantly matches them with candidates based on style, experience, and thousands of creative portfolios — spanning roles from video editors and producers to strategists, designers, and social media talent.

Roster’s global talent network spans 150+ countries and includes professionals who have worked with some of the biggest creators, brands, and media companies in the world. Companies representing over 1 billion followers — including Airrack, Nick DiGiovanni, Chloe Ting, Safiya Nygaard, and the Stokes Twins — have hired through the platform.

Roster is the infrastructure layer for how modern content teams are formed in the digital-first era.",Not Yet Contacted,,2026-07-27T21:00:18.516Z,,Google,,No,0,0,2026-07-27,"Brand Marketing & Partnerships Contacts at SaaS, AI Tools & Tech Hardware Companies","Computer Software, Information Technology and Services, Computer Hardware, Semiconductors","Chief Marketing Officer, VP Marketing, Director of Marketing, Head of Marketing, Brand Manager, Partnership Manager, Influencer Marketing Manager, Head of Partnerships, Head of Influencer Marketing, Growth Marketing Manager, Partnerships Manager",,,"1-10, 11-20, 21-50, 51-100, 101-200",direct,"{""industry"":[""Computer Software"",""Information Technology and Services"",""Computer Hardware""],""keywordFilterInclude"":""brand marketing, influencer marketing, creator sponsorships, brand partnerships, marketing partnerships, affiliate marketing, digital marketing, content marketing""}",CONFIRMED,"""social media talent"" — ""...roducers to strategists, designers, and social media talent.  Roster’s global talent network spans...""",YES
8b54d53d-0a93-4102-bebc-bdad5b037873,sanskriti@faved.com,Sanskriti,B.,,Faved,Senior Partnerships Manager- Creators,Software & Internet,,,"London, England, United Kingdom",https://linkedin.com/in/sanskriti-b-120a57195,https://faved.com,"Faved is a platform to sponsor influencers in 24 hours. Instantly work with 20k+ creators to scale your influencer campaigns. Faved automates influencer discovery, negotiations, and campaign management, freeing up time so you can maximize ROI and rebookings. Trusted by 300+ brands like Skillshare, Brilliant, PIA VPN, Airalo and more.",Not Yet Contacted,,2026-07-27T21:00:18.516Z,,Google,,No,0,0,2026-07-27,"Brand Marketing & Partnerships Contacts at SaaS, AI Tools & Tech Hardware Companies","Computer Software, Information Technology and Services, Computer Hardware, Semiconductors","Chief Marketing Officer, VP Marketing, Director of Marketing, Head of Marketing, Brand Manager, Partnership Manager, Influencer Marketing Manager, Head of Partnerships, Head of Influencer Marketing, Growth Marketing Manager, Partnerships Manager",,,"1-10, 11-20, 21-50, 51-100, 101-200",direct,"{""industry"":[""Computer Software"",""Information Technology and Services"",""Computer Hardware""],""keywordFilterInclude"":""brand marketing, influencer marketing, creator sponsorships, brand partnerships, marketing partnerships, affiliate marketing, digital marketing, content marketing""}",CONFIRMED,"""influencer"" — ""...Faved is a platform to sponsor influencers in 24 hours. Instantly work with 20k+...""",YES
734595b5-17ff-4587-b606-9a946f018798,sophia@socialbook.io,Sophia,King,,Socialbook,Influencer Marketing Manager,Software & Internet,,,"San Francisco, California, United States",https://linkedin.com/in/sophia-king-49b014226,https://socialbook.io,"We are a leading influencer marketing platform helping brands grow from zero to global recognition.

Our SaaS platform gives you access to over 200M influencers worldwide, with advanced search, data-driven insights, and campaign management tools.

And for our VIP clients, we go a step further — running fully managed campaigns, from strategy to execution, ensuring maximum impact and ROI.

Whether you’re a startup aiming for traction or a global brand scaling influence, we are your trusted growth partner.",Not Yet Contacted,,2026-07-27T21:00:18.516Z,,Google,,No,0,0,2026-07-27,"Brand Marketing & Partnerships Contacts at SaaS, AI Tools & Tech Hardware Companies","Computer Software, Information Technology and Services, Computer Hardware, Semiconductors","Chief Marketing Officer, VP Marketing, Director of Marketing, Head of Marketing, Brand Manager, Partnership Manager, Influencer Marketing Manager, Head of Partnerships, Head of Influencer Marketing, Growth Marketing Manager, Partnerships Manager",,,"1-10, 11-20, 21-50, 51-100, 101-200",direct,"{""industry"":[""Computer Software"",""Information Technology and Services"",""Computer Hardware""],""keywordFilterInclude"":""brand marketing, influencer marketing, creator sponsorships, brand partnerships, marketing partnerships, affiliate marketing, digital marketing, content marketing""}",CONFIRMED,"""influencer"" — ""...We are a leading influencer marketing platform helping brands grow...""",YES
23dcd92b-39e9-4f19-8fed-f4df77ba231f,raphael@storyclash.com,Raphael,Pöhn,,Storyclash,Head of Partnerships,Software & Internet,,,"Linz, Upper Austria, Austria",https://linkedin.com/in/raphael-pöhn-640a65113,https://www.storyclash.com,"Storyclash has been acquired by Kolsquare, Europe’s leading influencer marketing technology and a certified B Corp. Two European technology leaders are joining forces to create a stronger, more innovative and more responsible influencer marketing platform.",Not Yet Contacted,,2026-07-27T21:00:05.897Z,,Google,,No,0,0,2026-07-27,"Brand Marketing & Partnerships Contacts at SaaS, AI Tools & Tech Hardware Companies","Computer Software, Information Technology and Services, Computer Hardware, Semiconductors","Chief Marketing Officer, VP Marketing, Director of Marketing, Head of Marketing, Brand Manager, Partnership Manager, Influencer Marketing Manager, Head of Partnerships, Head of Influencer Marketing, Growth Marketing Manager, Partnerships Manager",,,"1-10, 11-20, 21-50, 51-100, 101-200",direct,"{""industry"":[""Computer Software"",""Information Technology and Services"",""Computer Hardware""],""keywordFilterInclude"":""brand marketing, influencer marketing, creator sponsorships, brand partnerships, marketing partnerships, affiliate marketing, digital marketing, content marketing""}",CONFIRMED,"""influencer"" — ""...acquired by Kolsquare, Europe’s leading influencer marketing technology and a certified B...""",YES
9b276cea-8e16-4dda-8e8f-9b78e64a077f,renato@digitalmanager.guru,Renato,Chamasquini,,Digital Manager Guru,Business Partnerships Manager,Software & Internet,,,"Niterói, Rio de Janeiro, Brazil",https://linkedin.com/in/renatochamasquini,https://digitalmanager.guru,"Digital Manager Guru isn't just another sales management platform; it's the boost your digital business needs to grow with agility and profitability! 
🚀 With Guru, you can create a profitable operation in just a few minutes, and the best part: no developer needed! Just a few clicks to start selling. No hidden fees, no unnecessary intermediaries. The profit is entirely yours 💰 
🎯 Why choose Guru? 
✔️ Sell in minutes: high-performance checkout integrated with over 30 payment options. 
✔️ Grow without limits: ticket management, recurring charges, affiliate system, and campaign monitoring, all in one place. 
✔️ Earn more, pay less: with Guru, 100% of the profit is yours. 
Eliminate unnecessary fees and maximize your earnings. 
Want to experience the simplicity and power of Guru? Try it free for 14 days 👇",Not Yet Contacted,,2026-07-27T21:00:05.897Z,,Google,,No,0,0,2026-07-27,"Brand Marketing & Partnerships Contacts at SaaS, AI Tools & Tech Hardware Companies","Computer Software, Information Technology and Services, Computer Hardware, Semiconductors","Chief Marketing Officer, VP Marketing, Director of Marketing, Head of Marketing, Brand Manager, Partnership Manager, Influencer Marketing Manager, Head of Partnerships, Head of Influencer Marketing, Growth Marketing Manager, Partnerships Manager",,,"1-10, 11-20, 21-50, 51-100, 101-200",direct,"{""industry"":[""Computer Software"",""Information Technology and Services"",""Computer Hardware""],""keywordFilterInclude"":""brand marketing, influencer marketing, creator sponsorships, brand partnerships, marketing partnerships, affiliate marketing, digital marketing, content marketing""}",CONFIRMED,"""affiliate"" — ""...: ticket management, recurring charges, affiliate system, and campaign monitoring, all in...""",YES
3f2123ea-4bcb-4ab4-8869-61c495dc3ede,ollie.lydon@hellopartner.com,Ollie,Lydon,,Hello Partner,Senior Partnerships Manager,Software & Internet,,,United Kingdom,https://linkedin.com/in/ollie-lydon-a2b964222,https://hellopartner.com,"We’re Hello Partner. We believe in the power of human connection and thrive on bringing people together through our unmissable in-person events, online experiences and established award programmes.

We’re a publication, too.

Bringing together the best of PerformanceIN and Talking Influence - Hello Partner launched as an exciting new publication in Q4 2022.  Taking a global view of everything partnerships - from affiliate, performance, brand and partner marketing, the creator economy and everything in-between.

Our flagship events include PI LIVE Europe & CreatorFest.",Not Yet Contacted,,2026-07-27T21:00:05.897Z,,Google,,No,0,0,2026-07-27,"Brand Marketing & Partnerships Contacts at SaaS, AI Tools & Tech Hardware Companies","Computer Software, Information Technology and Services, Computer Hardware, Semiconductors","Chief Marketing Officer, VP Marketing, Director of Marketing, Head of Marketing, Brand Manager, Partnership Manager, Influencer Marketing Manager, Head of Partnerships, Head of Influencer Marketing, Growth Marketing Manager, Partnerships Manager",,,"1-10, 11-20, 21-50, 51-100, 101-200",direct,"{""industry"":[""Computer Software"",""Information Technology and Services"",""Computer Hardware""],""keywordFilterInclude"":""brand marketing, influencer marketing, creator sponsorships, brand partnerships, marketing partnerships, affiliate marketing, digital marketing, content marketing""}",CONFIRMED,"""creator"" — ""...mance, brand and partner marketing, the creator economy and everything in-between.  Our...""",YES
b446681f-6915-4473-ad9b-bf899ba1941b,ollie.mowles@pivotal.digital,Ollie,Mowles,,Pivotal,Partnerships Manager,Software & Internet,,,"Norwich, England, United Kingdom",https://linkedin.com/in/ollie-mowles,https://pivotal.digital/,"We are a full-service digital agency built to help ambitious brands grow. Our team brings together experts across every discipline—strategy, design, development, performance marketing, and emerging technologies—so you can access everything you need under one roof.

We build premium websites, apps, and digital platforms that don’t just look good—they work hard. From Shopify and Magento to custom builds, our development team specialises in scalable solutions that integrate seamlessly with your operations. We design with conversion in mind, ensuring your digital shopfront becomes a true driver of growth.

Marketing is at the core of what we do. Paid media, PPC, SEO, CRO, email, and automation campaigns are all designed to move the needle on revenue. We’re data-driven and performance-obsessed, giving you clarity on what’s working and where to optimise. Our goal is always the same: to help you reach more customers and convert more of your traffic.

Creativity sets us apart. Our designers, storytellers, and content creators deliver visuals and messaging that cut through the noise. From brand identities and motion graphics to video production and photography, we create assets that give your business presence, impact, and memorability.

We also support brands with the unseen but critical pieces—logistics, order flows, integrations, and advanced technologies. Whether it’s NFC, VR, AI, or data-driven personalisation, we help you stay ahead of the curve while keeping complexity simple.

Most importantly, we work as an extension of your team. Collaboration is in our DNA. We listen, adapt, and build long-term partnerships based on results. When you choose Pivotal, you don’t just get an agency—you gain a committed partner invested in your success.

Going up? We’ll take you there.",Not Yet Contacted,,2026-07-27T21:00:05.897Z,,Microsoft,,No,0,0,2026-07-27,"Brand Marketing & Partnerships Contacts at SaaS, AI Tools & Tech Hardware Companies","Computer Software, Information Technology and Services, Computer Hardware, Semiconductors","Chief Marketing Officer, VP Marketing, Director of Marketing, Head of Marketing, Brand Manager, Partnership Manager, Influencer Marketing Manager, Head of Partnerships, Head of Influencer Marketing, Growth Marketing Manager, Partnerships Manager",,,"1-10, 11-20, 21-50, 51-100, 101-200",direct,"{""industry"":[""Computer Software"",""Information Technology and Services"",""Computer Hardware""],""keywordFilterInclude"":""brand marketing, influencer marketing, creator sponsorships, brand partnerships, marketing partnerships, affiliate marketing, digital marketing, content marketing""}",CONFIRMED,"""content creator"" — ""...apart. Our designers, storytellers, and content creators deliver visuals and messaging that cut...""",YES
36af1001-e2aa-4d21-9f85-f7a4cb41dc9d,nikhil@culturex.ai,Nikhil,Manghani,,Culturex,Head of Partnerships,Software & Internet,,,India,https://linkedin.com/in/nikhil-manghani-55358814b,http://culturex.ai,"We are pioneers of the world's first Operating System for influencer marketing, that offers agencies a distinctive end-to-end technology stack, which is carefully tailored and white-labeled according to their needs. 

We have 40+ partner agencies for whom CultureX has laid the technological foundations, and in the process effectively transformed them into tech-driven influencer marketplaces.   

Our investors include AppyHigh (https://appyhigh.com/), IIM-Ahmedabad's CIIE (https://ciie.co/), founders of Juspay (https://juspay.in/), creators such as Anubhav Singh Bassi, Appurv Gupta, and many more.

Our vision is to spearhead a robust network of tech-driven agencies to organize and transform the creator economy in South Asia. 

Feel free to reach out to us or schedule a demo call from our website, and we'll love to have a conversation on technology, marketing, and beyond!",Not Yet Contacted,,2026-07-27T20:59:58.154Z,,Google,,No,0,0,2026-07-27,"Brand Marketing & Partnerships Contacts at SaaS, AI Tools & Tech Hardware Companies","Computer Software, Information Technology and Services, Computer Hardware, Semiconductors","Chief Marketing Officer, VP Marketing, Director of Marketing, Head of Marketing, Brand Manager, Partnership Manager, Influencer Marketing Manager, Head of Partnerships, Head of Influencer Marketing, Growth Marketing Manager, Partnerships Manager",,,"1-10, 11-20, 21-50, 51-100, 101-200",direct,"{""industry"":[""Computer Software"",""Information Technology and Services"",""Computer Hardware""],""keywordFilterInclude"":""brand marketing, influencer marketing, creator sponsorships, brand partnerships, marketing partnerships, affiliate marketing, digital marketing, content marketing""}",CONFIRMED,"""influencer"" — ""...the world's first Operating System for influencer marketing, that offers agencies a disti...""",YES
6d6f2690-48d7-41ea-bad3-a3e9ac9ccc10,nathalie@refluenced.com,Nathalie,Mansour,,Refluenced,Influencer Marketing Manager,Software & Internet,,,"Mitte, Berlin, Germany",https://linkedin.com/in/nathalie-mansour-0a51aa234,https://refluenced.com/,"Refluenced is an influencer marketing platform that lets in-house teams activate hundreds of nano and micro creators in just a few clicks, with an AI powered platform to unlock scale without adding workload.

Trusted by 700+ brands, Refluenced is used by leading global names including Revlon, Burger King, Puig Brands, Coty, Decathlon, About You and Shein.

With 30K+ verified creators across DACH, the UK and the US, brands activate high quality creators across travel, lifestyle, health, fitness, food, parenting, beauty and fashion in just a few clicks, delivering relevance and scale without added complexity.",Not Yet Contacted,,2026-07-27T20:59:58.154Z,,Google,,No,0,0,2026-07-27,"Brand Marketing & Partnerships Contacts at SaaS, AI Tools & Tech Hardware Companies","Computer Software, Information Technology and Services, Computer Hardware, Semiconductors","Chief Marketing Officer, VP Marketing, Director of Marketing, Head of Marketing, Brand Manager, Partnership Manager, Influencer Marketing Manager, Head of Partnerships, Head of Influencer Marketing, Growth Marketing Manager, Partnerships Manager",,,"1-10, 11-20, 21-50, 51-100, 101-200",direct,"{""industry"":[""Computer Software"",""Information Technology and Services"",""Computer Hardware""],""keywordFilterInclude"":""brand marketing, influencer marketing, creator sponsorships, brand partnerships, marketing partnerships, affiliate marketing, digital marketing, content marketing""}",CONFIRMED,"""influencer"" — ""...Refluenced is an influencer marketing platform that lets in-house t...""",YES
d5bdf92a-3e84-4b42-87f9-90e1ab87b603,miguel@digitalmanager.guru,Miguel,Stuart,,Digital Manager Guru,Business Partnerships Manager,Software & Internet,,,"Santarém, Santarém, Portugal",https://linkedin.com/in/miguel-stuart,https://digitalmanager.guru,"Digital Manager Guru isn't just another sales management platform; it's the boost your digital business needs to grow with agility and profitability! 
🚀 With Guru, you can create a profitable operation in just a few minutes, and the best part: no developer needed! Just a few clicks to start selling. No hidden fees, no unnecessary intermediaries. The profit is entirely yours 💰 
🎯 Why choose Guru? 
✔️ Sell in minutes: high-performance checkout integrated with over 30 payment options. 
✔️ Grow without limits: ticket management, recurring charges, affiliate system, and campaign monitoring, all in one place. 
✔️ Earn more, pay less: with Guru, 100% of the profit is yours. 
Eliminate unnecessary fees and maximize your earnings. 
Want to experience the simplicity and power of Guru? Try it free for 14 days 👇",Not Yet Contacted,,2026-07-27T20:59:58.154Z,,Google,,No,0,0,2026-07-27,"Brand Marketing & Partnerships Contacts at SaaS, AI Tools & Tech Hardware Companies","Computer Software, Information Technology and Services, Computer Hardware, Semiconductors","Chief Marketing Officer, VP Marketing, Director of Marketing, Head of Marketing, Brand Manager, Partnership Manager, Influencer Marketing Manager, Head of Partnerships, Head of Influencer Marketing, Growth Marketing Manager, Partnerships Manager",,,"1-10, 11-20, 21-50, 51-100, 101-200",direct,"{""industry"":[""Computer Software"",""Information Technology and Services"",""Computer Hardware""],""keywordFilterInclude"":""brand marketing, influencer marketing, creator sponsorships, brand partnerships, marketing partnerships, affiliate marketing, digital marketing, content marketing""}",CONFIRMED,"""affiliate"" — ""...: ticket management, recurring charges, affiliate system, and campaign monitoring, all in...""",YES
a3b66aa3-d3d3-4e31-a11a-45ce209ec258,morgan@superfiliate.com,Morgan,Cooper,,Superfiliate,Creator Partnerships Manager,Software & Internet,,,"Greenville, South Carolina, United States",https://linkedin.com/in/morgangcooper,https://www.superfiliate.com/,"Creator-led growth starts here.

Superfiliate is the creator-led growth platform for D2C brands focused on measurable revenue growth. Get unified affiliate and creator management, automated gifting workflows, creator storefronts, built-in discovery tooling in one place, with full visibility into which creators and programs are driving results.",Not Yet Contacted,,2026-07-27T20:59:58.154Z,,Google,,No,0,0,2026-07-27,"Brand Marketing & Partnerships Contacts at SaaS, AI Tools & Tech Hardware Companies","Computer Software, Information Technology and Services, Computer Hardware, Semiconductors","Chief Marketing Officer, VP Marketing, Director of Marketing, Head of Marketing, Brand Manager, Partnership Manager, Influencer Marketing Manager, Head of Partnerships, Head of Influencer Marketing, Growth Marketing Manager, Partnerships Manager",,,"1-10, 11-20, 21-50, 51-100, 101-200",direct,"{""industry"":[""Computer Software"",""Information Technology and Services"",""Computer Hardware""],""keywordFilterInclude"":""brand marketing, influencer marketing, creator sponsorships, brand partnerships, marketing partnerships, affiliate marketing, digital marketing, content marketing""}",CONFIRMED,"""creator"" — ""...Creator-led growth starts here.  Superfiliate i...""",YES
f7cb0f4c-c512-4af1-bd88-36626341cf41,lily.nguyen@secomapp.com,Lily,Nguyen (khánh Linh),,Uppromote,Partnerships Manager,Software & Internet,,,Vietnam,https://linkedin.com/in/lily-nguyen-kh%c3%a1nh-linh-7a4474134,https://uppromote.com/,"UpPromote team provides tools that help merchants manage and expand their affiliate team, save time and effort, thus making your team the greatest possible, as well as turning users like you into the best affiliate managers.
Our mission is to bring merchants’ businesses to as many people as possible. We focus on spreading products and brand's unique stories through the potential of brand ambassadors’ voices.",Not Yet Contacted,,2026-07-27T20:59:54.276Z,,Google,,No,0,0,2026-07-27,"Brand Marketing & Partnerships Contacts at SaaS, AI Tools & Tech Hardware Companies","Computer Software, Information Technology and Services, Computer Hardware, Semiconductors","Chief Marketing Officer, VP Marketing, Director of Marketing, Head of Marketing, Brand Manager, Partnership Manager, Influencer Marketing Manager, Head of Partnerships, Head of Influencer Marketing, Growth Marketing Manager, Partnerships Manager",,,"1-10, 11-20, 21-50, 51-100, 101-200",direct,"{""industry"":[""Computer Software"",""Information Technology and Services"",""Computer Hardware""],""keywordFilterInclude"":""brand marketing, influencer marketing, creator sponsorships, brand partnerships, marketing partnerships, affiliate marketing, digital marketing, content marketing""}",CONFIRMED,"""ambassador"" — ""...stories through the potential of brand ambassadors’ voices....""",DOMAIN_MISMATCH
bb89bc2c-6c05-4062-a8ec-1abcc304bda1,laila@geeiq.com,Laila,Nasr 🔜 Gdc,,Geeiq,Senior Strategic Insights & Partnerships Manager,Software & Internet,,,"London, England, United Kingdom",https://linkedin.com/in/lailanasr8,https://geeiq.com/,"Go Virtual with GEEIQ, the only platform-led analytics provider for virtual worlds. 

GEEIQ combines proprietary cross-platform data with deep category expertise to help the world’s biggest brands navigate, measure and grow across Roblox, Fortnite, ZEPETO and beyond. 

Brands use GEEIQ to benchmark performance, identify partners and creators, and optimise spend across activations, campaigns and social channels. 

Trusted by Walmart, L’Oréal, Gucci, NASCAR and Warner Bros. Discovery, GEEIQ is the intelligence behind enduring brand success in virtual worlds. 

Headquartered in London, GEEIQ is shaping how brands navigate and grow across the next frontier of digital marketing.",Not Yet Contacted,,2026-07-27T20:59:54.276Z,,Google,,No,0,0,2026-07-27,"Brand Marketing & Partnerships Contacts at SaaS, AI Tools & Tech Hardware Companies","Computer Software, Information Technology and Services, Computer Hardware, Semiconductors","Chief Marketing Officer, VP Marketing, Director of Marketing, Head of Marketing, Brand Manager, Partnership Manager, Influencer Marketing Manager, Head of Partnerships, Head of Influencer Marketing, Growth Marketing Manager, Partnerships Manager",,,"1-10, 11-20, 21-50, 51-100, 101-200",direct,"{""industry"":[""Computer Software"",""Information Technology and Services"",""Computer Hardware""],""keywordFilterInclude"":""brand marketing, influencer marketing, creator sponsorships, brand partnerships, marketing partnerships, affiliate marketing, digital marketing, content marketing""}",CONFIRMED,"""creator"" — ""...mark performance, identify partners and creators, and optimise spend across activations...""",YES
74009157-7880-432e-ab12-4d2fc90f3822,lily.shalmani@sovendus.com,Lily,Shalmani,,Sovendus,Brand Partnerships Manager,Software & Internet,,,"Hulme, England, United Kingdom",https://linkedin.com/in/lily-shalmani-660375107,https://www.sovendus.com,"We connect your brand with customers who buy.

Join 3,000+ tier-1 brands in Europe's brand partnership platform. We pioneered this model 18 years ago. Today we connect your brand with 60 million active shoppers to deliver new customers and incremental revenue.",Not Yet Contacted,,2026-07-27T20:59:54.276Z,,Microsoft,,No,0,0,2026-07-27,"Brand Marketing & Partnerships Contacts at SaaS, AI Tools & Tech Hardware Companies","Computer Software, Information Technology and Services, Computer Hardware, Semiconductors","Chief Marketing Officer, VP Marketing, Director of Marketing, Head of Marketing, Brand Manager, Partnership Manager, Influencer Marketing Manager, Head of Partnerships, Head of Influencer Marketing, Growth Marketing Manager, Partnerships Manager",,,"1-10, 11-20, 21-50, 51-100, 101-200",direct,"{""industry"":[""Computer Software"",""Information Technology and Services"",""Computer Hardware""],""keywordFilterInclude"":""brand marketing, influencer marketing, creator sponsorships, brand partnerships, marketing partnerships, affiliate marketing, digital marketing, content marketing""}",CONFIRMED,"""brand partnership"" — ""...Join 3,000+ tier-1 brands in Europe's brand partnership platform. We pioneered this model 18 ye...""",YES
bda2afce-40a0-4e96-bb44-1261e8a36a59,jake.barber@adstrong.com,Jake,Barber,,Adstrong,Affiliate Partnerships Manager,Software & Internet,,,"Willenhall, England, United Kingdom",https://linkedin.com/in/jake--barber,https://adstrong.com,"Google Shopping Ads Solutions for marketing agencies and online shops!

Plus, the only German Google CSS Premium Partner certified in all CSS countries!


⭐  For SEA agencies: Branded Shopping Ads (CSS as a service)  ⭐

✅  Your agency name appears as a link in all your Google Shopping ads
✅  Automated new customer acquisition
✅  Increased visibility & branding
✅  All CSS benefits including 25% CPC Boost
✅  No additional effort


⭐  For Amazon or eBay sellers: Google Shopping Ads for Amazon & eBay  ⭐

✅  Run Google Shopping Ads campaigns directly for your listed products
✅  Get high quality traffic on your listings & increase your sales
✅  Track your performance & your sales
✅  Improve your ranking in the Amazon/eBay internal search


⭐  For online shops: adstrong CPC Boost (CSS)  ⭐

✅  +25% Google Shopping CPCs without paying more 
✅  Increased visibility & reach for your Google Shopping Ads 
✅  30 day money back guarantee


⭐  For online shops: Managed Merchant Center (Affiliate/Publisher)  ⭐

✅  Increase your revenues without cost risk
✅  High quality Google Shopping traffic
✅  100% success based enumeration",Not Yet Contacted,,2026-07-27T20:59:46.749Z,,Google,,No,0,0,2026-07-27,"Brand Marketing & Partnerships Contacts at SaaS, AI Tools & Tech Hardware Companies","Computer Software, Information Technology and Services, Computer Hardware, Semiconductors","Chief Marketing Officer, VP Marketing, Director of Marketing, Head of Marketing, Brand Manager, Partnership Manager, Influencer Marketing Manager, Head of Partnerships, Head of Influencer Marketing, Growth Marketing Manager, Partnerships Manager",,,"1-10, 11-20, 21-50, 51-100, 101-200",direct,"{""industry"":[""Computer Software"",""Information Technology and Services"",""Computer Hardware""],""keywordFilterInclude"":""brand marketing, influencer marketing, creator sponsorships, brand partnerships, marketing partnerships, affiliate marketing, digital marketing, content marketing""}",CONFIRMED,"""affiliate"" — ""...online shops: Managed Merchant Center (Affiliate/Publisher)  ⭐  ✅  Increase your revenue...""",YES
2ce28e01-c646-4b89-bfb3-9526e9c5645b,julia@tedaconnect.com,Julia,L.,,Teda Connect,Sales and Partnerships Manager,Software & Internet,,,"Palma, Islas Baleares, Spain",https://linkedin.com/in/julialc/en,https://tedaconnect.com/,"TeDa Connect is a digital marketplace that simplifies brand licensing partnerships by connecting brands, product creators, retailers and investors in a centralized platform. 

Our user-friendly tools streamline the entire brand licensing process, from personalized matchmaking and verified opportunities to contract automation and royalty management.

With a mission to make licensing partnerships seamless and enjoyable, TeDa Connect enables brands to forge new partnerships, helps product creators bring their ideas to life, connects retailers with the next wave of must-have licensed products and allows investors to discover promising licensing projects—all in one place.

With 24/7 global access, you can advance deals anytime, anywhere.

TeDa Connect helps businesses save time, speed up their day-to-day licensing search processes, and unlock new opportunities.

Join us in building the future of Brand Partnerships

MVP coming soon! Stay tuned ;)",Not Yet Contacted,,2026-07-27T20:59:46.749Z,,Google,,No,0,0,2026-07-27,"Brand Marketing & Partnerships Contacts at SaaS, AI Tools & Tech Hardware Companies","Computer Software, Information Technology and Services, Computer Hardware, Semiconductors","Chief Marketing Officer, VP Marketing, Director of Marketing, Head of Marketing, Brand Manager, Partnership Manager, Influencer Marketing Manager, Head of Partnerships, Head of Influencer Marketing, Growth Marketing Manager, Partnerships Manager",,,"1-10, 11-20, 21-50, 51-100, 101-200",direct,"{""industry"":[""Computer Software"",""Information Technology and Services"",""Computer Hardware""],""keywordFilterInclude"":""brand marketing, influencer marketing, creator sponsorships, brand partnerships, marketing partnerships, affiliate marketing, digital marketing, content marketing""}",CONFIRMED,"""brand partnership"" — ""...ies.  Join us in building the future of Brand Partnerships  MVP coming soon! Stay tuned ;)...""",YES
051b4d2b-479d-463d-ad5f-af168df8a62c,kartikeya@culturex.ai,Kartikeya,Madnani,,Culturex,Partnerships Manager,Software & Internet,,,"Ahmedabad, Gujarat, India",https://linkedin.com/in/kartikeya8,http://culturex.ai,"We are pioneers of the world's first Operating System for influencer marketing, that offers agencies a distinctive end-to-end technology stack, which is carefully tailored and white-labeled according to their needs. 

We have 40+ partner agencies for whom CultureX has laid the technological foundations, and in the process effectively transformed them into tech-driven influencer marketplaces.   

Our investors include AppyHigh (https://appyhigh.com/), IIM-Ahmedabad's CIIE (https://ciie.co/), founders of Juspay (https://juspay.in/), creators such as Anubhav Singh Bassi, Appurv Gupta, and many more.

Our vision is to spearhead a robust network of tech-driven agencies to organize and transform the creator economy in South Asia. 

Feel free to reach out to us or schedule a demo call from our website, and we'll love to have a conversation on technology, marketing, and beyond!",Not Yet Contacted,,2026-07-27T20:59:46.749Z,,Google,,No,0,0,2026-07-27,"Brand Marketing & Partnerships Contacts at SaaS, AI Tools & Tech Hardware Companies","Computer Software, Information Technology and Services, Computer Hardware, Semiconductors","Chief Marketing Officer, VP Marketing, Director of Marketing, Head of Marketing, Brand Manager, Partnership Manager, Influencer Marketing Manager, Head of Partnerships, Head of Influencer Marketing, Growth Marketing Manager, Partnerships Manager",,,"1-10, 11-20, 21-50, 51-100, 101-200",direct,"{""industry"":[""Computer Software"",""Information Technology and Services"",""Computer Hardware""],""keywordFilterInclude"":""brand marketing, influencer marketing, creator sponsorships, brand partnerships, marketing partnerships, affiliate marketing, digital marketing, content marketing""}",CONFIRMED,"""influencer"" — ""...the world's first Operating System for influencer marketing, that offers agencies a disti...""",YES
7a2062e3-371b-4d82-9722-73b3c4685b77,jevon@iam.id,Jevon,Mauladhy,,Iam.id : Influencer Marketing Platform,Partnerships Manager,Software & Internet,,,"Kota Bandung, Jawa Barat, Indonesia",https://linkedin.com/in/jevonmauladhy,https://iam.id/,#1 Influencer Marketing Platform in Indonesia,Not Yet Contacted,,2026-07-27T20:59:46.749Z,,Google,,No,0,0,2026-07-27,"Brand Marketing & Partnerships Contacts at SaaS, AI Tools & Tech Hardware Companies","Computer Software, Information Technology and Services, Computer Hardware, Semiconductors","Chief Marketing Officer, VP Marketing, Director of Marketing, Head of Marketing, Brand Manager, Partnership Manager, Influencer Marketing Manager, Head of Partnerships, Head of Influencer Marketing, Growth Marketing Manager, Partnerships Manager",,,"1-10, 11-20, 21-50, 51-100, 101-200",direct,"{""industry"":[""Computer Software"",""Information Technology and Services"",""Computer Hardware""],""keywordFilterInclude"":""brand marketing, influencer marketing, creator sponsorships, brand partnerships, marketing partnerships, affiliate marketing, digital marketing, content marketing""}",CONFIRMED,"""influencer"" — ""...#1 Influencer Marketing Platform in Indonesia...""",YES
dc0330c8-ae10-4a4f-85c1-9a76746455a3,jose.gallego@adtraction.com,Jose Angel,Gallego,,Adtraction,Head of Partnerships Spain,Software & Internet,,,"Madrid, Madrid, Spain",https://linkedin.com/in/jagallego,https://adtraction.com,"Adtraction is a full-service partner marketing platform, helping brands attract new customers and sell more, while helping partners monetise their content and traffic. 

We work with brands across multiple industries, ranging from e-commerce to financial services. With a user-friendly platform, we connect brands with a diverse range of marketing partners, ranging from content sites, influencers, affiliates, mobile apps and comparison sites. We are known for creating partnerships that generate value both to advertisers and partners, and work on a performance based set-up where you only pay for sales. 

With roots in affiliate marketing and experience dating back to 2007, Adtraction has the right knowledge to guide you when scaling your business with partner marketing.

The company was established in 2007 and is headquartered in Stockholm, Sweden, with local offices in Norway, Denmark, Finland, Spain, Germany, the UK, Poland, the Netherlands, Switzerland, Austria, France and Italy.",Not Yet Contacted,,2026-07-27T20:59:46.749Z,,Google,,No,0,0,2026-07-27,"Brand Marketing & Partnerships Contacts at SaaS, AI Tools & Tech Hardware Companies","Computer Software, Information Technology and Services, Computer Hardware, Semiconductors","Chief Marketing Officer, VP Marketing, Director of Marketing, Head of Marketing, Brand Manager, Partnership Manager, Influencer Marketing Manager, Head of Partnerships, Head of Influencer Marketing, Growth Marketing Manager, Partnerships Manager",,,"1-10, 11-20, 21-50, 51-100, 101-200",direct,"{""industry"":[""Computer Software"",""Information Technology and Services"",""Computer Hardware""],""keywordFilterInclude"":""brand marketing, influencer marketing, creator sponsorships, brand partnerships, marketing partnerships, affiliate marketing, digital marketing, content marketing""}",CONFIRMED,"""influencer"" — ""...g partners, ranging from content sites, influencers, affiliates, mobile apps and compariso...""",YES
5850e847-9ff6-41c5-8027-c40537cf648a,josh.bucher@frankiapp.com,Joshua,Bucher,,Franki,Founding Senior Account Executive | Growth & Partnerships Manager,Software & Internet,,,United States,https://linkedin.com/in/joshuabucher,https://frankiapp.com/,"Franki is the most rewarding way to find rewarding experiences. Powered by real videos from local foodies and creators, we're making it easier than ever for people to find their next favorite meal, and for business owners to connect with their next best customers. 

We believe experiences are best shared. That's why we've launched the Franki Social Club--a tiered rewards program that lets members earn cash back and rewards on their drinks and dines while sharing the best their city has to offer with the Franki community. It's our way of supporting creators, local restaurants, and the people who enjoy them. Eat, drink, share and earn with Franki.",Not Yet Contacted,,2026-07-27T20:59:46.749Z,,Google,,No,0,0,2026-07-27,"Brand Marketing & Partnerships Contacts at SaaS, AI Tools & Tech Hardware Companies","Computer Software, Information Technology and Services, Computer Hardware, Semiconductors","Chief Marketing Officer, VP Marketing, Director of Marketing, Head of Marketing, Brand Manager, Partnership Manager, Influencer Marketing Manager, Head of Partnerships, Head of Influencer Marketing, Growth Marketing Manager, Partnerships Manager",,,"1-10, 11-20, 21-50, 51-100, 101-200",direct,"{""industry"":[""Computer Software"",""Information Technology and Services"",""Computer Hardware""],""keywordFilterInclude"":""brand marketing, influencer marketing, creator sponsorships, brand partnerships, marketing partnerships, affiliate marketing, digital marketing, content marketing""}",CONFIRMED,"""creator"" — ""...d by real videos from local foodies and creators, we're making it easier than ever for...""",YES
c84d2a1b-0e23-41b5-a70a-5f7b66cc8d85,james.felt@scaledigital.co,James,Felt,,Scale Digital,Senior Finance Partnerships Manager,Software & Internet,,,"London, England, United Kingdom",https://linkedin.com/in/jamesfelt,http://www.scaledigital.co,"Scale Digital provides a range of performance-first solutions to help brands acquire new customers through our global network of Affiliate, Mobile, Influencer and Retail Media partners.

Our outstanding work supporting global brands has earned us Diamond Agency partner status from impact.com.

Our approach centres around the “3 Ts” - Talent, Tech, and Traffic - ensuring a strategic blend of expertise, technology, and planning for tangible and lasting results.",Not Yet Contacted,,2026-07-27T20:59:46.749Z,,Google,,No,0,0,2026-07-27,"Brand Marketing & Partnerships Contacts at SaaS, AI Tools & Tech Hardware Companies","Computer Software, Information Technology and Services, Computer Hardware, Semiconductors","Chief Marketing Officer, VP Marketing, Director of Marketing, Head of Marketing, Brand Manager, Partnership Manager, Influencer Marketing Manager, Head of Partnerships, Head of Influencer Marketing, Growth Marketing Manager, Partnerships Manager",,,"1-10, 11-20, 21-50, 51-100, 101-200",direct,"{""industry"":[""Computer Software"",""Information Technology and Services"",""Computer Hardware""],""keywordFilterInclude"":""brand marketing, influencer marketing, creator sponsorships, brand partnerships, marketing partnerships, affiliate marketing, digital marketing, content marketing""}",CONFIRMED,"""influencer"" — ""...ur global network of Affiliate, Mobile, Influencer and Retail Media partners.  Our outstan...""",YES
5bd97de2-3ccc-415b-8aec-681685450f83,ignacio.aleo@adtraction.com,Ignacio,Hernández Aleo,,Adtraction,Partnerships Manager,Software & Internet,,,"Madrid, Madrid, Spain",https://linkedin.com/in/ignacio-hernández-aleo-2034262b,https://adtraction.com,"Adtraction is a full-service partner marketing platform, helping brands attract new customers and sell more, while helping partners monetise their content and traffic. 

We work with brands across multiple industries, ranging from e-commerce to financial services. With a user-friendly platform, we connect brands with a diverse range of marketing partners, ranging from content sites, influencers, affiliates, mobile apps and comparison sites. We are known for creating partnerships that generate value both to advertisers and partners, and work on a performance based set-up where you only pay for sales. 

With roots in affiliate marketing and experience dating back to 2007, Adtraction has the right knowledge to guide you when scaling your business with partner marketing.

The company was established in 2007 and is headquartered in Stockholm, Sweden, with local offices in Norway, Denmark, Finland, Spain, Germany, the UK, Poland, the Netherlands, Switzerland, Austria, France and Italy.",Not Yet Contacted,,2026-07-27T20:59:40.689Z,,Google,,No,0,0,2026-07-27,"Brand Marketing & Partnerships Contacts at SaaS, AI Tools & Tech Hardware Companies","Computer Software, Information Technology and Services, Computer Hardware, Semiconductors","Chief Marketing Officer, VP Marketing, Director of Marketing, Head of Marketing, Brand Manager, Partnership Manager, Influencer Marketing Manager, Head of Partnerships, Head of Influencer Marketing, Growth Marketing Manager, Partnerships Manager",,,"1-10, 11-20, 21-50, 51-100, 101-200",direct,"{""industry"":[""Computer Software"",""Information Technology and Services"",""Computer Hardware""],""keywordFilterInclude"":""brand marketing, influencer marketing, creator sponsorships, brand partnerships, marketing partnerships, affiliate marketing, digital marketing, content marketing""}",CONFIRMED,"""influencer"" — ""...g partners, ranging from content sites, influencers, affiliates, mobile apps and compariso...""",YES
e162fde0-ce17-43f3-8889-b069c84f7491,gupta@caesarai.com,Shreya,Gupta,,Caesarai,Influencer Marketing Manager,Software & Internet,,,"Sector, Uttar Pradesh, India",https://linkedin.com/in/shreya-gupta-10a92a194,https://www.caesarai.com,"CaesarAi specializes in sales-driven influencer campaigns. 

We outperform performance marketing companies by a margin of 15% in terms of sales per rupee. We achieve this by merging our proprietary technology and ad strategies.  Our in-house technology involves an influencer search engine, an extensive database of 170,000+ Indian influencers, and an analytics engine powered through a Facebook developer partnership.

If you wish to achieve sales in your influencer marketing campaigns, please feel free to reach out to 8016606661 or pratik@caesarai.com",Not Yet Contacted,,2026-07-27T20:59:40.689Z,,Google,,No,0,0,2026-07-27,"Brand Marketing & Partnerships Contacts at SaaS, AI Tools & Tech Hardware Companies","Computer Software, Information Technology and Services, Computer Hardware, Semiconductors","Chief Marketing Officer, VP Marketing, Director of Marketing, Head of Marketing, Brand Manager, Partnership Manager, Influencer Marketing Manager, Head of Partnerships, Head of Influencer Marketing, Growth Marketing Manager, Partnerships Manager",,,"1-10, 11-20, 21-50, 51-100, 101-200",direct,"{""industry"":[""Computer Software"",""Information Technology and Services"",""Computer Hardware""],""keywordFilterInclude"":""brand marketing, influencer marketing, creator sponsorships, brand partnerships, marketing partnerships, affiliate marketing, digital marketing, content marketing""}",CONFIRMED,"""influencer"" — ""...CaesarAi specializes in sales-driven influencer campaigns.   We outperform performance...""",YES
0a91ba2c-1812-4101-909a-d0373454e72c,garima@auroracreators.com,Garima,Goswami,,Aurora Digital Media,Influencer Marketing Manager,Software & Internet,,,"Ahmedabad, Gujarat, India",https://linkedin.com/in/garimagoswami26,https://auroracreators.com,"Influencer marketing, Talent management and analytics company helping marketers leverage influencer marketing effectively",Not Yet Contacted,,2026-07-27T20:59:40.689Z,,Microsoft,,No,0,0,2026-07-27,"Brand Marketing & Partnerships Contacts at SaaS, AI Tools & Tech Hardware Companies","Computer Software, Information Technology and Services, Computer Hardware, Semiconductors","Chief Marketing Officer, VP Marketing, Director of Marketing, Head of Marketing, Brand Manager, Partnership Manager, Influencer Marketing Manager, Head of Partnerships, Head of Influencer Marketing, Growth Marketing Manager, Partnerships Manager",,,"1-10, 11-20, 21-50, 51-100, 101-200",direct,"{""industry"":[""Computer Software"",""Information Technology and Services"",""Computer Hardware""],""keywordFilterInclude"":""brand marketing, influencer marketing, creator sponsorships, brand partnerships, marketing partnerships, affiliate marketing, digital marketing, content marketing""}",CONFIRMED,"""influencer"" — ""...Influencer marketing, Talent management and analyt...""",YES
b9a8e692-4118-4518-b972-bdf3e86781d0,fayy@makeship.com,Fayy,Chukwueke,,Makeship,Gaming - Senior Strategic Influencer Partnerships Manager,Software & Internet,,,"Etobicoke, Ontario, Canada",https://linkedin.com/in/fayychukwueke,http://makeship.com,"Makeship exists to fuel Creator individuality by bringing their content to life. We do this by designing high-quality, environmentally conscious, limited edition products and building a community around the campaign.

We’re proud to have paid out $16M+ to Creators to date. We’re helping them focus on the thing they love to do most - creating.",Not Yet Contacted,,2026-07-27T20:59:40.689Z,,Other,,No,0,0,2026-07-27,"Brand Marketing & Partnerships Contacts at SaaS, AI Tools & Tech Hardware Companies","Computer Software, Information Technology and Services, Computer Hardware, Semiconductors","Chief Marketing Officer, VP Marketing, Director of Marketing, Head of Marketing, Brand Manager, Partnership Manager, Influencer Marketing Manager, Head of Partnerships, Head of Influencer Marketing, Growth Marketing Manager, Partnerships Manager",,,"1-10, 11-20, 21-50, 51-100, 101-200",direct,"{""industry"":[""Computer Software"",""Information Technology and Services"",""Computer Hardware""],""keywordFilterInclude"":""brand marketing, influencer marketing, creator sponsorships, brand partnerships, marketing partnerships, affiliate marketing, digital marketing, content marketing""}",CONFIRMED,"""creator"" — ""...Makeship exists to fuel Creator individuality by bringing their content...""",YES
02872b9e-159e-4ed1-ae00-1ec56cdefcbc,erin.jacobsen@magiclinks.com,Erin,Jacobsen,,Magiclinks,Creator Marketing & Growth Partnerships Manager,Software & Internet,,,"Brownsville, New York, United States",https://linkedin.com/in/erin-jacobsen-4374b6107,http://www.magiclinks.com,"MagicLinks powers social commerce through an exclusive marketplace for video influencers and the worlds’ leading brands. Our technology enables creators to earn steady income by sharing the products they love. We provide brands with creator investment data and tools to propel creator success across all social video platforms. 

MagicLinks is an award winning Certified B Corporation that has been featured in Inc Magazine, Business Insider and The Information, amongst others.",Not Yet Contacted,,2026-07-27T20:59:37.105Z,,Google,,No,0,0,2026-07-27,"Brand Marketing & Partnerships Contacts at SaaS, AI Tools & Tech Hardware Companies","Computer Software, Information Technology and Services, Computer Hardware, Semiconductors","Chief Marketing Officer, VP Marketing, Director of Marketing, Head of Marketing, Brand Manager, Partnership Manager, Influencer Marketing Manager, Head of Partnerships, Head of Influencer Marketing, Growth Marketing Manager, Partnerships Manager",,,"1-10, 11-20, 21-50, 51-100, 101-200",direct,"{""industry"":[""Computer Software"",""Information Technology and Services"",""Computer Hardware""],""keywordFilterInclude"":""brand marketing, influencer marketing, creator sponsorships, brand partnerships, marketing partnerships, affiliate marketing, digital marketing, content marketing""}",CONFIRMED,"""influencer"" — ""...ough an exclusive marketplace for video influencers and the worlds’ leading brands. Our te...""",YES
b551c6ae-2088-4dcb-8af1-94db16006150,csantamaria@sovrn.com,Christopher,Santamaria,,Sovrn,Demand Partnerships Manager,Software & Internet,,,"Baltimore, Maryland, United States",https://linkedin.com/in/cj-santamaria,http://www.sovrn.com,"Sovrn is a software and data company built for the people who power the open internet. We sit at the intersection of consumer behavior, advertising, and commerce, aligning supply and demand using real commerce and media signals. Publishers and creators maximize revenue without losing focus on their core work. Advertisers get performance they can trust, backed by data from real consumer activity.

Across 80,000+ websites, apps, social channels, and CTV, Sovrn reaches more than 500 million active consumers every day. Our products span advertising, commerce, and data, connecting the ecosystem so both sides win. Sovrn is headquartered in Boulder, Colorado, with offices in New York and London.",Not Yet Contacted,,2026-07-27T20:59:37.105Z,,Google,,No,0,0,2026-07-27,"Brand Marketing & Partnerships Contacts at SaaS, AI Tools & Tech Hardware Companies","Computer Software, Information Technology and Services, Computer Hardware, Semiconductors","Chief Marketing Officer, VP Marketing, Director of Marketing, Head of Marketing, Brand Manager, Partnership Manager, Influencer Marketing Manager, Head of Partnerships, Head of Influencer Marketing, Growth Marketing Manager, Partnerships Manager",,,"1-10, 11-20, 21-50, 51-100, 101-200",direct,"{""industry"":[""Computer Software"",""Information Technology and Services"",""Computer Hardware""],""keywordFilterInclude"":""brand marketing, influencer marketing, creator sponsorships, brand partnerships, marketing partnerships, affiliate marketing, digital marketing, content marketing""}",CONFIRMED,"""creator"" — ""...merce and media signals. Publishers and creators maximize revenue without losing focus...""",YES
81d1f4bb-d308-4c3c-ba7e-ad7d270ee642,danyon.billings@hellopartner.com,Danyon,Billings,,Hello Partner,Senior Partnerships Manager,Software & Internet,,,"Christchurch, England, United Kingdom",https://linkedin.com/in/danyonbillings,https://hellopartner.com,"We’re Hello Partner. We believe in the power of human connection and thrive on bringing people together through our unmissable in-person events, online experiences and established award programmes.

We’re a publication, too.

Bringing together the best of PerformanceIN and Talking Influence - Hello Partner launched as an exciting new publication in Q4 2022.  Taking a global view of everything partnerships - from affiliate, performance, brand and partner marketing, the creator economy and everything in-between.

Our flagship events include PI LIVE Europe & CreatorFest.",Not Yet Contacted,,2026-07-27T20:59:37.105Z,,Google,,No,0,0,2026-07-27,"Brand Marketing & Partnerships Contacts at SaaS, AI Tools & Tech Hardware Companies","Computer Software, Information Technology and Services, Computer Hardware, Semiconductors","Chief Marketing Officer, VP Marketing, Director of Marketing, Head of Marketing, Brand Manager, Partnership Manager, Influencer Marketing Manager, Head of Partnerships, Head of Influencer Marketing, Growth Marketing Manager, Partnerships Manager",,,"1-10, 11-20, 21-50, 51-100, 101-200",direct,"{""industry"":[""Computer Software"",""Information Technology and Services"",""Computer Hardware""],""keywordFilterInclude"":""brand marketing, influencer marketing, creator sponsorships, brand partnerships, marketing partnerships, affiliate marketing, digital marketing, content marketing""}",CONFIRMED,"""creator"" — ""...mance, brand and partner marketing, the creator economy and everything in-between.  Our...""",YES
f7937bab-7ed9-4600-8468-ba561d34e1dc,denitsa.dimitrova@adtraction.com,Denitsa,Dimitrova,,Adtraction,Senior Partnerships Manager,Software & Internet,,,"Madrid, Madrid, Spain",https://linkedin.com/in/denitsa-dimitrova-64589610a,https://adtraction.com,"Adtraction is a full-service partner marketing platform, helping brands attract new customers and sell more, while helping partners monetise their content and traffic. 

We work with brands across multiple industries, ranging from e-commerce to financial services. With a user-friendly platform, we connect brands with a diverse range of marketing partners, ranging from content sites, influencers, affiliates, mobile apps and comparison sites. We are known for creating partnerships that generate value both to advertisers and partners, and work on a performance based set-up where you only pay for sales. 

With roots in affiliate marketing and experience dating back to 2007, Adtraction has the right knowledge to guide you when scaling your business with partner marketing.

The company was established in 2007 and is headquartered in Stockholm, Sweden, with local offices in Norway, Denmark, Finland, Spain, Germany, the UK, Poland, the Netherlands, Switzerland, Austria, France and Italy.",Not Yet Contacted,,2026-07-27T20:59:37.105Z,,Google,,No,0,0,2026-07-27,"Brand Marketing & Partnerships Contacts at SaaS, AI Tools & Tech Hardware Companies","Computer Software, Information Technology and Services, Computer Hardware, Semiconductors","Chief Marketing Officer, VP Marketing, Director of Marketing, Head of Marketing, Brand Manager, Partnership Manager, Influencer Marketing Manager, Head of Partnerships, Head of Influencer Marketing, Growth Marketing Manager, Partnerships Manager",,,"1-10, 11-20, 21-50, 51-100, 101-200",direct,"{""industry"":[""Computer Software"",""Information Technology and Services"",""Computer Hardware""],""keywordFilterInclude"":""brand marketing, influencer marketing, creator sponsorships, brand partnerships, marketing partnerships, affiliate marketing, digital marketing, content marketing""}",CONFIRMED,"""influencer"" — ""...g partners, ranging from content sites, influencers, affiliates, mobile apps and compariso...""",YES
733ed4ab-81e4-4eb8-8390-efa4f0185600,daniel.millar@sovendus.com,Daniel,Millar,,Sovendus,Partnerships Manager,Software & Internet,,,"City of Edinburgh, Scotland, United Kingdom",https://linkedin.com/in/daniel-millar-2b112710b,https://www.sovendus.com,"We connect your brand with customers who buy.

Join 3,000+ tier-1 brands in Europe's brand partnership platform. We pioneered this model 18 years ago. Today we connect your brand with 60 million active shoppers to deliver new customers and incremental revenue.",Not Yet Contacted,,2026-07-27T20:59:37.105Z,,Microsoft,,No,0,0,2026-07-27,"Brand Marketing & Partnerships Contacts at SaaS, AI Tools & Tech Hardware Companies","Computer Software, Information Technology and Services, Computer Hardware, Semiconductors","Chief Marketing Officer, VP Marketing, Director of Marketing, Head of Marketing, Brand Manager, Partnership Manager, Influencer Marketing Manager, Head of Partnerships, Head of Influencer Marketing, Growth Marketing Manager, Partnerships Manager",,,"1-10, 11-20, 21-50, 51-100, 101-200",direct,"{""industry"":[""Computer Software"",""Information Technology and Services"",""Computer Hardware""],""keywordFilterInclude"":""brand marketing, influencer marketing, creator sponsorships, brand partnerships, marketing partnerships, affiliate marketing, digital marketing, content marketing""}",CONFIRMED,"""brand partnership"" — ""...Join 3,000+ tier-1 brands in Europe's brand partnership platform. We pioneered this model 18 ye...""",YES
50c0febb-8028-4710-b7ec-a5e529e35f94,anna@throne.com,Anna,Johnson,,Throne,Partnerships Manager,Software & Internet,,,"Dallas, Texas, United States",https://linkedin.com/in/anna-johnson-63a781244,https://throne.com,"We provide the infrastructure that creators need to better engage and monetize their audiences. 

Over 1,000,000+ creators from 89 countries use Throne's all-in-one wishlist and storefront builder to let their fans support them. Partnerships with 600+ brands allow us to offer creators and their fans an exceptional commerce experience. 

Throne has offices in Austin, Dallas & New York.",Not Yet Contacted,,2026-07-27T20:59:31.361Z,,Google,,No,0,0,2026-07-27,"Brand Marketing & Partnerships Contacts at SaaS, AI Tools & Tech Hardware Companies","Computer Software, Information Technology and Services, Computer Hardware, Semiconductors","Chief Marketing Officer, VP Marketing, Director of Marketing, Head of Marketing, Brand Manager, Partnership Manager, Influencer Marketing Manager, Head of Partnerships, Head of Influencer Marketing, Growth Marketing Manager, Partnerships Manager",,,"1-10, 11-20, 21-50, 51-100, 101-200",direct,"{""industry"":[""Computer Software"",""Information Technology and Services"",""Computer Hardware""],""keywordFilterInclude"":""brand marketing, influencer marketing, creator sponsorships, brand partnerships, marketing partnerships, affiliate marketing, digital marketing, content marketing""}",CONFIRMED,"""creator"" — ""...We provide the infrastructure that creators need to better engage and monetize the...""",YES
84fef1a2-ade7-4ffa-8a1f-cfe310652026,apolline.beauvy@affilae.com,Apolline,Beauvy,,Affilae,Influence Partnerships Manager,Software & Internet,,,"Bordeaux, Nouvelle-Aquitaine, France",https://linkedin.com/in/apolline-beauvy,https://affilae.com/,"Accelerate your customer acquisition with performance-based affiliate and influencer marketing

Affilae is a SaaS platform that enables brands, agencies, and networks to manage their affiliate programs and influencer campaigns either independently or with our strategic support — all with the goal of maximizing ROI.

What sets us apart: a powerful, intuitive technology combined with tailored strategic guidance.

We help brands activate and manage profitable acquisition channels: affiliate marketing, performance-based influencer marketing, brand influence, TikTok Shop...

Our solutions ⬇️

Affiliate marketing SaaS platform: end-to-end management (tracking, reporting, automation).

Performance-based influencer campaigns: targeted visibility and conversions.

Brand influence & ambassador programs: long-term collaborations.

TikTok Shop & social commerce: activate TikTok creators to drive sales.

Strategic & operational support: sourcing, campaign management, ongoing optimization.

Our key strengths ⬇️

Fixed monthly fees, no commission on sales

Multi-channel tracking and accurate conversion attribution

SEO-friendly affiliate links

100% white-label and fully customizable interface

Unique anti-fraud technology

Full API access and real-time reporting

700+ clients, including L'Occitane, Sézane, Alinéa, American Vintage, Balzac Paris, Etam, Kiabi, Nocibé, Conforama, La Redoute, Petit Bateau...

📲 New: launch of our mobile app for creators, featuring a ""Wishlist"" tool to streamline and accelerate brand-influencer partnerships.

🌐 Learn more:
https://affilae.com
https://demo.affilae.com",Not Yet Contacted,,2026-07-27T20:59:31.361Z,,Google,,No,0,0,2026-07-27,"Brand Marketing & Partnerships Contacts at SaaS, AI Tools & Tech Hardware Companies","Computer Software, Information Technology and Services, Computer Hardware, Semiconductors","Chief Marketing Officer, VP Marketing, Director of Marketing, Head of Marketing, Brand Manager, Partnership Manager, Influencer Marketing Manager, Head of Partnerships, Head of Influencer Marketing, Growth Marketing Manager, Partnerships Manager",,,"1-10, 11-20, 21-50, 51-100, 101-200",direct,"{""industry"":[""Computer Software"",""Information Technology and Services"",""Computer Hardware""],""keywordFilterInclude"":""brand marketing, influencer marketing, creator sponsorships, brand partnerships, marketing partnerships, affiliate marketing, digital marketing, content marketing""}",CONFIRMED,"""influencer"" — ""...on with performance-based affiliate and influencer marketing  Affilae is a SaaS platform t...""",YES
8ec6a128-4113-41ea-a030-42d9e9ee2065,callum.kennelly@sovendus.com,Callum,Kennelly,,Sovendus,Partnerships Manager,Software & Internet,,,"London, England, United Kingdom",https://linkedin.com/in/callum-kennelly,https://www.sovendus.com,"We connect your brand with customers who buy.

Join 3,000+ tier-1 brands in Europe's brand partnership platform. We pioneered this model 18 years ago. Today we connect your brand with 60 million active shoppers to deliver new customers and incremental revenue.",Not Yet Contacted,,2026-07-27T20:59:31.361Z,,Microsoft,,No,0,0,2026-07-27,"Brand Marketing & Partnerships Contacts at SaaS, AI Tools & Tech Hardware Companies","Computer Software, Information Technology and Services, Computer Hardware, Semiconductors","Chief Marketing Officer, VP Marketing, Director of Marketing, Head of Marketing, Brand Manager, Partnership Manager, Influencer Marketing Manager, Head of Partnerships, Head of Influencer Marketing, Growth Marketing Manager, Partnerships Manager",,,"1-10, 11-20, 21-50, 51-100, 101-200",direct,"{""industry"":[""Computer Software"",""Information Technology and Services"",""Computer Hardware""],""keywordFilterInclude"":""brand marketing, influencer marketing, creator sponsorships, brand partnerships, marketing partnerships, affiliate marketing, digital marketing, content marketing""}",CONFIRMED,"""brand partnership"" — ""...Join 3,000+ tier-1 brands in Europe's brand partnership platform. We pioneered this model 18 ye...""",YES
0a8a4862-e5fb-4eb8-85d0-283a331aa1a0,andreea@dontpayfull.com,Andreea,Barbu,,Dontpayfull,Partnerships Manager,Software & Internet,,,"Phoenix, Arizona, United States",https://linkedin.com/in/andreea-barbu-983215233,https://www.dontpayfull.com/page/about-us,"DontPayFull is a multinational coupon business headquartered in Romania with a strong service presence in the United States, United Kingdom, Canada, and Australia. It provides free coupons and discount offers to consumers doing their shopping online.

Founders:
The DontPayFull project was founded by Andrei Vasilescu and Adrian Cristea in 2012. 

Employees: 
There are 30 full-time employees that work here and over 100 external collaborators that discover coupons and deals.

Clients:
A few of the brands DontPayFull works with include Amazon, NewEgg, Macy's, Target, and Walmart.

Tools created:
Amazon Discount Finder allows consumers to find coupons and discount offers directly from the Amazon website.

Partners:

The affiliate networks that DontPayFull collaborates with for coupons and deals monetization are: CJ Affiliate, Rakuten Advertising, Awin, ShareASale, TradeDoubler AB, Skimlinks, VigLink, WebGains, Pepperjam, Impact Tech  Inc., AvantLink, Performance Horizon Group Limited.

DontPayFull is a Corporate Member of the Performance Marketing Association since August 2016.

Media appearances:
DontPayFull has appeared in publications such as MoneyPantry, DollarSprout, Well Kept Wallet, Yahoo! Finance, GoBanking Rates, and Reader's Digest.",Not Yet Contacted,,2026-07-27T20:59:22.234Z,,Google,,No,0,0,2026-07-27,"Brand Marketing & Partnerships Contacts at SaaS, AI Tools & Tech Hardware Companies","Computer Software, Information Technology and Services, Computer Hardware, Semiconductors","Chief Marketing Officer, VP Marketing, Director of Marketing, Head of Marketing, Brand Manager, Partnership Manager, Influencer Marketing Manager, Head of Partnerships, Head of Influencer Marketing, Growth Marketing Manager, Partnerships Manager",,,"1-10, 11-20, 21-50, 51-100, 101-200",direct,"{""industry"":[""Computer Software"",""Information Technology and Services"",""Computer Hardware""],""keywordFilterInclude"":""brand marketing, influencer marketing, creator sponsorships, brand partnerships, marketing partnerships, affiliate marketing, digital marketing, content marketing""}",CONFIRMED,"""affiliate"" — ""...rom the Amazon website.  Partners:  The affiliate networks that DontPayFull collaborates...""",YES
6e1313a0-6907-4d04-a06d-98ad7e3bd7de,alison@socialbook.io,Alison,Perez,,Socialbook,influencer marketing manager,Software & Internet,,,"San Mateo, California, United States",https://linkedin.com/in/alison-perez-72a080228,https://socialbook.io,"We are a leading influencer marketing platform helping brands grow from zero to global recognition.

Our SaaS platform gives you access to over 200M influencers worldwide, with advanced search, data-driven insights, and campaign management tools.

And for our VIP clients, we go a step further — running fully managed campaigns, from strategy to execution, ensuring maximum impact and ROI.

Whether you’re a startup aiming for traction or a global brand scaling influence, we are your trusted growth partner.",Not Yet Contacted,,2026-07-27T20:59:22.234Z,,Google,,No,0,0,2026-07-27,"Brand Marketing & Partnerships Contacts at SaaS, AI Tools & Tech Hardware Companies","Computer Software, Information Technology and Services, Computer Hardware, Semiconductors","Chief Marketing Officer, VP Marketing, Director of Marketing, Head of Marketing, Brand Manager, Partnership Manager, Influencer Marketing Manager, Head of Partnerships, Head of Influencer Marketing, Growth Marketing Manager, Partnerships Manager",,,"1-10, 11-20, 21-50, 51-100, 101-200",direct,"{""industry"":[""Computer Software"",""Information Technology and Services"",""Computer Hardware""],""keywordFilterInclude"":""brand marketing, influencer marketing, creator sponsorships, brand partnerships, marketing partnerships, affiliate marketing, digital marketing, content marketing""}",CONFIRMED,"""influencer"" — ""...We are a leading influencer marketing platform helping brands grow...""",YES
06d7d65c-224e-4fb2-adff-1b01e0ee02ed,aditya@xampmedia.com,Aditya,Bhati,,Xamp Media,Senior Partnerships Manager,Software & Internet,,,"Deoli, Delhi, India",https://linkedin.com/in/aditya-bhati-736657190,https://xampmedia.com/,"At Xamp Media, we are pioneering the future of mobile engagement by integrating advanced technologies, data-driven strategies, and creative excellence. We are at the forefront of technological innovation, dedicated to revolutionizing user engagement through our advanced consumer intelligence platform. Our mission is to empower businesses to connect authentically with their audiences, driving meaningful interactions and measurable outcomes across all digital touchpoints.

Our Vision
Founded with the vision to redefine mobile marketing, Xamp Media has evolved into a full-scale growth enabler, integrating branding, influencer marketing, creative solutions, media strategies, and public relations alongside our core technological innovations. We remain at the forefront of innovation, continuously adapting to the evolving digital landscape to meet the dynamic needs of our clients.

Our Services
Mobile OEM Advertising: By partnering with leading smartphone manufacturers, we provide access to untapped inventory at scale, enabling brands to reach new user bases and drive app growth.

App Distribution and User Acquisition: Utilizing proprietary algorithms and data analytics, we transform generic advertisements into personalized recommendations, enhancing user engagement and satisfaction.

Creative Solutions: Crafting immersive and interactive formats that resonate with audiences, strengthening brand identity and recall.

Influencer & Branding Solutions – Elevating brand narratives through strategic collaborations with influencers and high-impact creative campaigns.

Programmatic Advertising: Utilizing data-driven strategies to optimize campaigns in real-time, ensuring maximum return on investment.

Performance Marketing: Implementing data-centric strategies to optimize user acquisition and retention, ensuring maximum return on investment for our partners.

Connect us today : business@xampmedia.com",Not Yet Contacted,,2026-07-27T20:59:22.234Z,,Google,,No,0,0,2026-07-27,"Brand Marketing & Partnerships Contacts at SaaS, AI Tools & Tech Hardware Companies","Computer Software, Information Technology and Services, Computer Hardware, Semiconductors","Chief Marketing Officer, VP Marketing, Director of Marketing, Head of Marketing, Brand Manager, Partnership Manager, Influencer Marketing Manager, Head of Partnerships, Head of Influencer Marketing, Growth Marketing Manager, Partnerships Manager",,,"1-10, 11-20, 21-50, 51-100, 101-200",direct,"{""industry"":[""Computer Software"",""Information Technology and Services"",""Computer Hardware""],""keywordFilterInclude"":""brand marketing, influencer marketing, creator sponsorships, brand partnerships, marketing partnerships, affiliate marketing, digital marketing, content marketing""}",CONFIRMED,"""influencer"" — ""...e growth enabler, integrating branding, influencer marketing, creative solutions, media st...""",YES
ff22da80-aaf9-42d7-81bd-562cbed6d99c,ryan@socialcurrant.co,Ryan,Farren,,Social Currant,Head of Partnerships,Software & Internet,,,"Seattle, Washington, United States",https://linkedin.com/in/ryan-farren-864402148,https://socialcurrant.co/,"Social Currant connects mission-driven organizations with creators to build authentic, impactful relationships and campaigns that reach audiences more effectively. We invest in people to expand who gets a seat at the table and help movements grow.",Not Yet Contacted,,2026-07-27T20:25:39.315Z,,Google,,No,0,0,2026-07-27,"Brand Marketing & Partnerships Contacts at SaaS, AI Tools & Tech Hardware Companies","Computer Software, Information Technology and Services, Computer Hardware, Semiconductors","Chief Marketing Officer, VP Marketing, Director of Marketing, Head of Marketing, Brand Manager, Partnership Manager, Influencer Marketing Manager, Head of Partnerships, Head of Influencer Marketing, Growth Marketing Manager, Partnerships Manager",,,"1-10, 11-20, 21-50, 51-100, 101-200",direct,"{""industry"":[""Computer Software"",""Information Technology and Services"",""Computer Hardware""],""keywordFilterInclude"":""brand marketing, influencer marketing, creator sponsorships, brand partnerships, marketing partnerships, affiliate marketing, digital marketing, content marketing""}",CONFIRMED,"""creator"" — ""...nects mission-driven organizations with creators to build authentic, impactful relation...""",YES
773d7036-090e-4301-a930-34dc17660100,muskan.arora@hypd.in,Muskan,Arora,,Hypd,Influencer Marketing Manager,Software & Internet,,,"New Delhi, Delhi, India",https://linkedin.com/in/muskan-arora-3bb709145,https://www.hypd.in,HYPD is Asia's first Creator-tech startup that turns Creators into Creator-Preneurs by enabling them to monetise their influence through their own Creator stores!🚀,Not Yet Contacted,,2026-07-27T20:25:31.609Z,,Google,,No,0,0,2026-07-27,"Brand Marketing & Partnerships Contacts at SaaS, AI Tools & Tech Hardware Companies","Computer Software, Information Technology and Services, Computer Hardware, Semiconductors","Chief Marketing Officer, VP Marketing, Director of Marketing, Head of Marketing, Brand Manager, Partnership Manager, Influencer Marketing Manager, Head of Partnerships, Head of Influencer Marketing, Growth Marketing Manager, Partnerships Manager",,,"1-10, 11-20, 21-50, 51-100, 101-200",direct,"{""industry"":[""Computer Software"",""Information Technology and Services"",""Computer Hardware""],""keywordFilterInclude"":""brand marketing, influencer marketing, creator sponsorships, brand partnerships, marketing partnerships, affiliate marketing, digital marketing, content marketing""}",CONFIRMED,"""creator"" — ""...HYPD is Asia's first Creator-tech startup that turns Creators into C...""",YES
aa533ad3-5505-43ad-83de-d7359c75ebf8,monica@mirrordigital.com,Monica,Fitzpatrick,,Mirror Digital,Influencer Marketing Manager,Software & Internet,,,"Chicago Loop, Illinois, United States",https://linkedin.com/in/monicabfitzpatrick,https://www.mirrordigital.com,"Mirror Digital connects leading brands and agencies to the growing U.S. multicultural market through our curated interactive network of diverse digital publishers, social media influencers and content creators.  

We pair innovative advertising technology with deep audience expertise to consistently produce winning results for African American, Asian American, Hispanic and Multicultural targeted campaigns with mobile, social, video and native content advertising products.  

The company has a proven track record of generating returns for world renowned clients such as Macy’s, General Motors, Walton Isaacson and Viacom among others.  

Based in Los Angeles, Mirror Digital is backed by The Harvard Business School Angels.  Find out more at: http://mirrordigital.com/",Not Yet Contacted,,2026-07-27T20:25:31.609Z,,Google,,No,0,0,2026-07-27,"Brand Marketing & Partnerships Contacts at SaaS, AI Tools & Tech Hardware Companies","Computer Software, Information Technology and Services, Computer Hardware, Semiconductors","Chief Marketing Officer, VP Marketing, Director of Marketing, Head of Marketing, Brand Manager, Partnership Manager, Influencer Marketing Manager, Head of Partnerships, Head of Influencer Marketing, Growth Marketing Manager, Partnerships Manager",,,"1-10, 11-20, 21-50, 51-100, 101-200",direct,"{""industry"":[""Computer Software"",""Information Technology and Services"",""Computer Hardware""],""keywordFilterInclude"":""brand marketing, influencer marketing, creator sponsorships, brand partnerships, marketing partnerships, affiliate marketing, digital marketing, content marketing""}",CONFIRMED,"""content creator"" — ""...ublishers, social media influencers and content creators.    We pair innovative advertising tec...""",YES
a4bc1fae-3de6-45ee-91ba-5d5e514c3e39,jackson.brodie@thrivecart.com,Jackson,Brodie,,Thrivecart,Head of Partnerships,Software & Internet,,,"New York City, New York, United States",https://linkedin.com/in/jackson-brodie-57344a53,https://thrivecart.com/,"ThriveCart is the leading sales platform for digital course creators, coaches, entrepreneurs, and online businesses looking to boost revenue, drive conversions, and scale audiences. Its no-code funnel builder is engineered to optimize the sales process through its high-converting checkout pages, powerful affiliate management tools, and advanced behavioral sequencing. In addition, ThriveCart’s native Learning Management System, Learn and Learn+, enables users to easily manage and build membership bases and grow customer lifetime value. ThriveCart powers over 50,000 businesses that have generated over $5 billion in sales.",Not Yet Contacted,,2026-07-27T20:25:17.124Z,,Google,,No,0,0,2026-07-27,"Brand Marketing & Partnerships Contacts at SaaS, AI Tools & Tech Hardware Companies","Computer Software, Information Technology and Services, Computer Hardware, Semiconductors","Chief Marketing Officer, VP Marketing, Director of Marketing, Head of Marketing, Brand Manager, Partnership Manager, Influencer Marketing Manager, Head of Partnerships, Head of Influencer Marketing, Growth Marketing Manager, Partnerships Manager",,,"1-10, 11-20, 21-50, 51-100, 101-200",direct,"{""industry"":[""Computer Software"",""Information Technology and Services"",""Computer Hardware""],""keywordFilterInclude"":""brand marketing, influencer marketing, creator sponsorships, brand partnerships, marketing partnerships, affiliate marketing, digital marketing, content marketing""}",CONFIRMED,"""creator"" — ""...ading sales platform for digital course creators, coaches, entrepreneurs, and online bu...""",YES
ac1ee1a6-e4d9-4d37-b2db-ed4499380d7c,gina@platformance.io,Gina,Ahmed,,Platformance,Influencer Marketing Manager,Software & Internet,,,"Dubai, Dubai, United Arab Emirates",https://linkedin.com/in/gina-ahmed-1a1111143,https://www.platformance.io,"Platformance is a growth technology platform built to help advertisers achieve measurable business outcomes, not just marketing results.  

Our mission is to simplify the complexities of digital advertising while ensuring every campaign delivers tangible results.

What We Do: 
We provide a complete omnichannel solution that empowers businesses to connect with the right audiences through:
- Programmatic Media: Seamlessly reaching handpicked audiences across web and app through a network of 100+ DSPs and ad exchanges.
- Affiliates: Specialist and bespoke partners and publishers for driving high-quality traffic, leads, and sales.
- Creators: Tapping into niche and hard-to-reach audience segments by fostering a community of influential creators.

What Sets Us Apart: 
Our strength lies in our curated and handpicked network of trusted suppliers and publishers. This foundation gives us an edge over the competition:
- Direct relationships with inventory owners across our supply chain, we cut out the middlemen, reducing costs and increasing efficiency for advertisers.
- Lowest Fraud Rates in MENA: We maintain one of the region’s lowest ad fraud rates, under 6%, far outperforming our peers.
- Vertical Expertise: With specialized solutions for banking, finance, automotive, retail, and telecom, we know how to deliver results in your industry.
- Pay Per Outcome Model: We focus on outcomes that matter, offering a unique, scalable model that ensures you only pay for results, not just impressions or clicks.

How We Deliver Results: 
By simplifying and optimizing the multi-platform ecosystem, we allow brands to focus on what truly matters – Growth. Our agnostic platform ensures that your ads reach the right audience at the right time, driving meaningful action

Our Promise: 
Platformance is fully accountable for delivering tangible business outcomes. We don’t just talk about performance – we guarantee it.",Not Yet Contacted,,2026-07-27T20:25:10.566Z,,Google,,No,0,0,2026-07-27,"Brand Marketing & Partnerships Contacts at SaaS, AI Tools & Tech Hardware Companies","Computer Software, Information Technology and Services, Computer Hardware, Semiconductors","Chief Marketing Officer, VP Marketing, Director of Marketing, Head of Marketing, Brand Manager, Partnership Manager, Influencer Marketing Manager, Head of Partnerships, Head of Influencer Marketing, Growth Marketing Manager, Partnerships Manager",,,"1-10, 11-20, 21-50, 51-100, 101-200",direct,"{""industry"":[""Computer Software"",""Information Technology and Services"",""Computer Hardware""],""keywordFilterInclude"":""brand marketing, influencer marketing, creator sponsorships, brand partnerships, marketing partnerships, affiliate marketing, digital marketing, content marketing""}",CONFIRMED,"""creator"" — ""...gh-quality traffic, leads, and sales. - Creators: Tapping into niche and hard-to-reach...""",YES
d67f76e8-d6cb-49fd-986d-8961bc9845fc,emercuri@jungroup.com,Erin,Mercuri,,Jun Group,Associate Influencer Marketing Manager,Software & Internet,,,"New York City, New York, United States",https://linkedin.com/in/erin-mercuri,https://verve.com/brand-and-agency-media/,"Jun Group 👉 Verve For Advertisers! 

Follow Verve For Advertisers for updates previously found on the Jun Group LinkedIn page: https://www.linkedin.com/company/verve-for-advertisers/


--
Jun Group is a technology company that delivers intelligent advertising for the world’s best-known brands, agencies, and publishers. We’re an early pioneer of mobile advertising, with nearly 20 years of experience guiding advertisers efficiently to their goals. From the start, we’ve valued transparency, honesty, and ROI over impressions and click-through rates, which leads to long term relationships with our customers. Over the years, we’ve expanded tremendously to support every corner of the digital media landscape, including brand, publisher, shopper, healthcare, influencer, and podcast marketing.

Our platform is powered by our Software Development Kit (SDK), enabling privacy-first, direct-to-consumer advertising across premium mobile applications. We assure performance with state-of-the-art AI and machine learning solutions, complemented by thoughtful insights and counsel provided by our exceptional team.

Jun Group is headquartered on Madison Avenue, with offices in Los Angeles, Chicago, and Boston.",Not Yet Contacted,,2026-07-27T20:25:03.044Z,,Google,,No,0,0,2026-07-27,"Brand Marketing & Partnerships Contacts at SaaS, AI Tools & Tech Hardware Companies","Computer Software, Information Technology and Services, Computer Hardware, Semiconductors","Chief Marketing Officer, VP Marketing, Director of Marketing, Head of Marketing, Brand Manager, Partnership Manager, Influencer Marketing Manager, Head of Partnerships, Head of Influencer Marketing, Growth Marketing Manager, Partnerships Manager",,,"1-10, 11-20, 21-50, 51-100, 101-200",direct,"{""industry"":[""Computer Software"",""Information Technology and Services"",""Computer Hardware""],""keywordFilterInclude"":""brand marketing, influencer marketing, creator sponsorships, brand partnerships, marketing partnerships, affiliate marketing, digital marketing, content marketing""}",CONFIRMED,"""influencer"" — ""...brand, publisher, shopper, healthcare, influencer, and podcast marketing.  Our platform i...""",YES
18dd7359-5557-4c25-a92a-1397c88d9ef4,dhruvi@thecrazyentrepreneur.com,Dhruvi,Soni,,Tce - Global Influencer Agency,Influencer Marketing Manager,Software & Internet,,,"Dubai, Dubai, United Arab Emirates",https://linkedin.com/in/dhruvi-soni-98aa46211,https://www.thecrazyentrepreneur.com,"Welcome to The Crazy Entrepreneur (TCE), a leading global influencer marketing MCN and platform that is driven by ROI and powered by intelligence. We work with a global community of talented content creators and help brands maximize their reach, lower their marketing costs, and grow their business.

At TCE, we have built a powerful influencer marketing platform that is designed to help brands connect with their target audience in a more meaningful and impactful way. Our platform is driven by data, analytics, and AI-powered technology, which allows us to deliver the best possible results to our clients.

One of the things that sets TCE apart is our global reach. We have a strong presence in key markets across the world, including Asia, MENA, Europe, and America. This means that we are uniquely positioned to help brands connect with audiences across different geographies and cultures.

We work with some of the most amazing content creators in the world, who have a proven track record of delivering engaging and impactful content across various social media platforms. Our network of over 100,000 content creators spans the globe and includes influencers from all walks of life.

We help brands tap into the power of influencer marketing by providing end-to-end solutions, including KOL onboarding, digital and viral campaigns, influencer marketing, ORM, mobile marketing, and more. Our team of experts is dedicated to delivering the best possible results for our clients and helping them grow their business.

At TCE, we are passionate about creativity, collaboration, and innovation. We believe that by leveraging the power of data, analytics, and AI-powered technology, we can help brands achieve their marketing goals and build lasting relationships with their target audience.

We aim to expand our influencer marketing services and creator management network all over the globe. We are determined to build TCE as the world's largest influencer marketing platform.",Not Yet Contacted,,2026-07-27T20:25:03.044Z,,Google,,No,0,0,2026-07-27,"Brand Marketing & Partnerships Contacts at SaaS, AI Tools & Tech Hardware Companies","Computer Software, Information Technology and Services, Computer Hardware, Semiconductors","Chief Marketing Officer, VP Marketing, Director of Marketing, Head of Marketing, Brand Manager, Partnership Manager, Influencer Marketing Manager, Head of Partnerships, Head of Influencer Marketing, Growth Marketing Manager, Partnerships Manager",,,"1-10, 11-20, 21-50, 51-100, 101-200",direct,"{""industry"":[""Computer Software"",""Information Technology and Services"",""Computer Hardware""],""keywordFilterInclude"":""brand marketing, influencer marketing, creator sponsorships, brand partnerships, marketing partnerships, affiliate marketing, digital marketing, content marketing""}",CONFIRMED,"""content creator"" — ""...ork with a global community of talented content creators and help brands maximize their reach,...""",YES
60053336-8b8f-4518-822b-fbda65b23f59,burak.isbilen@creatorden.com,Burak,İşbilen,,Creatorden,Influencer Marketing Manager,Software & Internet,,,"Eminönü, İstanbul, Turkey",https://linkedin.com/in/burakisbilen,http://creatorden.com/,"CreatorDen is a tech enabled influencer marketing agency, offering tech based solutions and tailor made projects to the most powerful brands in the region and in the world. As proud partner of many multinational brands, CreatorDen offers measurable, data backed and objective oriented influencer collaborations.",Not Yet Contacted,,2026-07-27T20:24:50.169Z,,Google,,No,0,0,2026-07-27,"Brand Marketing & Partnerships Contacts at SaaS, AI Tools & Tech Hardware Companies","Computer Software, Information Technology and Services, Computer Hardware, Semiconductors","Chief Marketing Officer, VP Marketing, Director of Marketing, Head of Marketing, Brand Manager, Partnership Manager, Influencer Marketing Manager, Head of Partnerships, Head of Influencer Marketing, Growth Marketing Manager, Partnerships Manager",,,"1-10, 11-20, 21-50, 51-100, 101-200",direct,"{""industry"":[""Computer Software"",""Information Technology and Services"",""Computer Hardware""],""keywordFilterInclude"":""brand marketing, influencer marketing, creator sponsorships, brand partnerships, marketing partnerships, affiliate marketing, digital marketing, content marketing""}",CONFIRMED,"""influencer"" — ""...CreatorDen is a tech enabled influencer marketing agency, offering tech based s...""",YES
9a931795-efc8-41bc-8f89-2f534d954648,adi.k@trackbox.ai,Adi,Koren,,Trackbox.ai - Affiliate Management Software,Head of Partnerships & Business Development - Igaming,Software & Internet,,,"Tel Aviv, Tel Aviv District, Israel",https://linkedin.com/in/adi-koren-75b642338,http://www.trackbox.ai,"Trackbox is an all-in-one platform for tracking, managing and distributing affiliate traffic. Since 2017, we have been providing unparalleled services for affiliates, brands, and networks. With our product, businesses can track and monitor traffic, manage all partnerships in one place, analyze campaign results, automatically distribute leads, optimize ROI, and ensure information security. All this comes with the fastest integration on the market and live support.

Some of our Services and Functions:
1. Track traffic while sharing information with your partners. Use the Marketplace to showcase your available offers and track their performance.
2. Manage all your campaigns in one place. Customize affiliate access to information, choose your payment plans, and analyze performance with 20+ metrics.
3. Optimize ROI by choosing the traffic you need. Set traffic rules to limit ineffective leads and micromanage your traffic. 
4. Reuse traffic effectively. Redistribute leads that have been rejected by one brand to another. Earn more with the same resources.

Trackbox in numbers:
- 7 years in the affiliate market
- 40 000+ active users 
- 99.999% uptime guaranteed 
- >1 000 000 leads tracked daily",Not Yet Contacted,,2026-07-27T20:24:43.023Z,,Google,,No,0,0,2026-07-27,"Brand Marketing & Partnerships Contacts at SaaS, AI Tools & Tech Hardware Companies","Computer Software, Information Technology and Services, Computer Hardware, Semiconductors","Chief Marketing Officer, VP Marketing, Director of Marketing, Head of Marketing, Brand Manager, Partnership Manager, Influencer Marketing Manager, Head of Partnerships, Head of Influencer Marketing, Growth Marketing Manager, Partnerships Manager",,,"1-10, 11-20, 21-50, 51-100, 101-200",direct,"{""industry"":[""Computer Software"",""Information Technology and Services"",""Computer Hardware""],""keywordFilterInclude"":""brand marketing, influencer marketing, creator sponsorships, brand partnerships, marketing partnerships, affiliate marketing, digital marketing, content marketing""}",CONFIRMED,"""affiliate"" — ""...for tracking, managing and distributing affiliate traffic. Since 2017, we have been provi...""",YES
9d986ce3-8a84-40fe-9902-05cd0d52b8c5,annalisa@sparkleagency.it,Annalisa,Valdivia,,Sparkle Agency,Influencer Marketing Manager,Software & Internet,,,"Tampa, Florida, United States",https://linkedin.com/in/annalisavaldivia,http://www.sparkleagency.it,"""Creatives for Creators"" 

La Sparkle Agency nasce dall’esigenza di coniugare una nuova visione dell’influencer marketing e il coltivare talenti che attraverso il web riescano a emergere anche nei media tradizionali. 

I nostri servizi:

▶ INFLUENCER MARKETING 
L’influencer marketing è sempre più importante in ambito commerciale, pertanto la nostra offerta comprende:
- Selezione degli influencer
- Ideazione dei contenuti più indicati sulla base degli obiettivi del cliente
- Contatto e gestione degli influencer selezionati
- Analisi dei risultati ottenuti

▶ TALENT MANAGEMENT 
La nostra filosofia è credere nel talento dei nostri artisti fin dagli esordi e progettare la strategia più indicata per crescere nel loro ambito di professione. 


▶ CONSULENZA EDITORIALE
Crediamo molto nel potenziale dell’editoria, un mondo dove negli ultimi anni abbiamo avuto l’opportunità di dare un contributo concreto.
La nostra offerta comprende:
- Servizio di scouting
- Consulenza e analisi del mercato
- Creazione di piani marketing ed elaborazione di strategie di comunicazione efficaci


▶ SOCIAL MEDIA MANAGEMENT 
Definire una strategia efficace per la gestione dei social media è un fattore determinante per il successo di un brand. Il nostro servizio comprende:
- Ricerca e creazione dei contenuti
- Analisi degli insights e pubblicazione strategica dei contenuti  
- Produzione strategica al fine di aumentare il livello di engagement 
- Analisi dei risultati ottenuti",Not Yet Contacted,,2026-07-27T20:24:43.023Z,,Google,,No,0,0,2026-07-27,"Brand Marketing & Partnerships Contacts at SaaS, AI Tools & Tech Hardware Companies","Computer Software, Information Technology and Services, Computer Hardware, Semiconductors","Chief Marketing Officer, VP Marketing, Director of Marketing, Head of Marketing, Brand Manager, Partnership Manager, Influencer Marketing Manager, Head of Partnerships, Head of Influencer Marketing, Growth Marketing Manager, Partnerships Manager",,,"1-10, 11-20, 21-50, 51-100, 101-200",direct,"{""industry"":[""Computer Software"",""Information Technology and Services"",""Computer Hardware""],""keywordFilterInclude"":""brand marketing, influencer marketing, creator sponsorships, brand partnerships, marketing partnerships, affiliate marketing, digital marketing, content marketing""}",CONFIRMED,"""influencer"" — ""...nza di coniugare una nuova visione dell’influencer marketing e il coltivare talenti che at...""",YES
f7505ae5-808e-4e0c-989d-98bb72b78dc7,anna@modash.io,Anna-maria,Klappenbach (she/her),,Modash,Senior Influencer Marketing Manager,Software & Internet,,,"London, England, United Kingdom",https://linkedin.com/in/amklappenbach,https://www.modash.io,End-to-end Influencer marketing platform for Shopify brands.,Not Yet Contacted,,2026-07-27T20:24:43.023Z,,Google,,No,0,0,2026-07-27,"Brand Marketing & Partnerships Contacts at SaaS, AI Tools & Tech Hardware Companies","Computer Software, Information Technology and Services, Computer Hardware, Semiconductors","Chief Marketing Officer, VP Marketing, Director of Marketing, Head of Marketing, Brand Manager, Partnership Manager, Influencer Marketing Manager, Head of Partnerships, Head of Influencer Marketing, Growth Marketing Manager, Partnerships Manager",,,"1-10, 11-20, 21-50, 51-100, 101-200",direct,"{""industry"":[""Computer Software"",""Information Technology and Services"",""Computer Hardware""],""keywordFilterInclude"":""brand marketing, influencer marketing, creator sponsorships, brand partnerships, marketing partnerships, affiliate marketing, digital marketing, content marketing""}",CONFIRMED,"""influencer"" — ""...End-to-end Influencer marketing platform for Shopify brands....""",YES
ba8ca043-dcc8-496a-bb34-b603e22d7dbc,suraj@offer18.com,Suraj,Grover,,Offer18,Head of Marketing Department,Software & Internet,,,"Shahkot, Punjab, India",https://linkedin.com/in/surajgrover15,https://www.offer18.com,"Offer18 is an “Award Winning” Performance Marketing Solution for Affiliate Networks, Advertisers, and Agencies with professional tracking capabilities. Offer18 helps digital professionals to create their affiliate network, optimize their campaign performance and utilize every bit of their traffic sources to generate better ROI using in-built advanced tools of technology. 
 
It comes with many advanced features like Anti-Fraud, Campaign Automation, Link Checker, Smart Offer and Powerful Offer Sync API is helping in the transformation of the Performance Marketing Industry that’s why the leading brands are showing their trust and continuously migrating from their existing technology providers to Offer18.",Not Yet Contacted,,2026-07-27T21:00:33.545Z,,Google,,No,0,0,2026-07-27,"Brand Marketing & Partnerships Contacts at SaaS, AI Tools & Tech Hardware Companies","Computer Software, Information Technology and Services, Computer Hardware, Semiconductors","Chief Marketing Officer, VP Marketing, Director of Marketing, Head of Marketing, Brand Manager, Partnership Manager, Influencer Marketing Manager, Head of Partnerships, Head of Influencer Marketing, Growth Marketing Manager, Partnerships Manager",,,"1-10, 11-20, 21-50, 51-100, 101-200",direct,"{""industry"":[""Computer Software"",""Information Technology and Services"",""Computer Hardware""],""keywordFilterInclude"":""brand marketing, influencer marketing, creator sponsorships, brand partnerships, marketing partnerships, affiliate marketing, digital marketing, content marketing""}",CONFIRMED,"""affiliate"" — ""...ing” Performance Marketing Solution for Affiliate Networks, Advertisers, and Agencies wit...""",YES
2c0dbb03-196a-4d57-9981-cc3c55e67b3c,vanshika@mywall.me,Vanshika,.,,My Wall,Brand Manager,Software & Internet,,,"North West Delhi, Delhi, India",https://linkedin.com/in/vanshika-18234a263,https://mywall.me/,"Imagine a world where creators can turn their passion into opportunities with no limits. That’s what MyWall is all about. Today, influencers are often seen as just people who make entertaining videos or share beautiful photos. But we see them as something more — powerful individuals who can transform empty restaurants into bustling hotspots or fill up every room in a luxury resort with a single post. That power deserves a platform, and that’s where MyWall comes in.

For creators, it’s the ultimate tool to transform content into rewards, offering perks, income opportunities, and a platform to thrive. For brands, it’s a game-changer — enabling seamless collaborations, providing detailed analytics, and ensuring campaigns are impactful and trackable even years down the line.
Join the MyWall movement today, and discover how creativity and collaboration can unlock a world of endless possibilities for everyone involved.",Not Yet Contacted,,2026-07-27T21:00:33.545Z,,Google,,No,0,0,2026-07-27,"Brand Marketing & Partnerships Contacts at SaaS, AI Tools & Tech Hardware Companies","Computer Software, Information Technology and Services, Computer Hardware, Semiconductors","Chief Marketing Officer, VP Marketing, Director of Marketing, Head of Marketing, Brand Manager, Partnership Manager, Influencer Marketing Manager, Head of Partnerships, Head of Influencer Marketing, Growth Marketing Manager, Partnerships Manager",,,"1-10, 11-20, 21-50, 51-100, 101-200",direct,"{""industry"":[""Computer Software"",""Information Technology and Services"",""Computer Hardware""],""keywordFilterInclude"":""brand marketing, influencer marketing, creator sponsorships, brand partnerships, marketing partnerships, affiliate marketing, digital marketing, content marketing""}",CONFIRMED,"""influencer"" — ""...That’s what MyWall is all about. Today, influencers are often seen as just people who make...""",YES
868130ed-2009-45bd-86ea-cb30c02a4b10,ronak.shah@getphyllo.com,Ronak,Shah ',,Phyllo,Growth Marketing Manager,Software & Internet,,,"Pune, Maharashtra, India",https://linkedin.com/in/ronakrshah97,https://www.getphyllo.com,"Phyllo is a data gateway to access creator data directly from the source platforms. Phyllo builds the underlying infrastructure that connects with every creator platform, maintains a live data feed to the systems these platforms use to manage creators' data and provides a normalized data set so that businesses can make use of creators' data in a way that is simple yet impactful.",Not Yet Contacted,,2026-07-27T21:00:18.516Z,,Google,,No,0,0,2026-07-27,"Brand Marketing & Partnerships Contacts at SaaS, AI Tools & Tech Hardware Companies","Computer Software, Information Technology and Services, Computer Hardware, Semiconductors","Chief Marketing Officer, VP Marketing, Director of Marketing, Head of Marketing, Brand Manager, Partnership Manager, Influencer Marketing Manager, Head of Partnerships, Head of Influencer Marketing, Growth Marketing Manager, Partnerships Manager",,,"1-10, 11-20, 21-50, 51-100, 101-200",direct,"{""industry"":[""Computer Software"",""Information Technology and Services"",""Computer Hardware""],""keywordFilterInclude"":""brand marketing, influencer marketing, creator sponsorships, brand partnerships, marketing partnerships, affiliate marketing, digital marketing, content marketing""}",CONFIRMED,"""creator"" — ""...Phyllo is a data gateway to access creator data directly from the source platforms...""",YES
b52e30ab-c49e-4a58-82b0-39af3420fd38,sandeep@iplix.in,Sandeep,Chavan,,Discovr Ai,Brand Manager,Business Services,,,"Mumbai, Maharashtra, India",https://linkedin.com/in/sandeepchavan1,http://Iplix.in,"IPLIX is India’s leading influencer marketing and talent management agency, striving towards making influencers and brands connect with people through innovation & excellence.

Our exclusive relationship with our influencers allows us to connect ambitious brands to relevant personalities in order to reach the right target audiences.",Not Yet Contacted,,2026-07-27T21:00:18.516Z,,Google,,No,0,0,2026-07-27,"Brand Marketing & Partnerships Contacts at SaaS, AI Tools & Tech Hardware Companies","Computer Software, Information Technology and Services, Computer Hardware, Semiconductors","Chief Marketing Officer, VP Marketing, Director of Marketing, Head of Marketing, Brand Manager, Partnership Manager, Influencer Marketing Manager, Head of Partnerships, Head of Influencer Marketing, Growth Marketing Manager, Partnerships Manager",,,"1-10, 11-20, 21-50, 51-100, 101-200",direct,"{""industry"":[""Computer Software"",""Information Technology and Services"",""Computer Hardware""],""keywordFilterInclude"":""brand marketing, influencer marketing, creator sponsorships, brand partnerships, marketing partnerships, affiliate marketing, digital marketing, content marketing""}",CONFIRMED,"""influencer"" — ""...IPLIX is India’s leading influencer marketing and talent management agency,...""",YES
24132b91-a6ac-49e9-b349-e77796cf4648,sophie.hu@walkthechat.com,Sophie,Hu,,Walkthechat,Chief Marketing Officer,Software & Internet,,,"Beijing, Beijing, China",https://linkedin.com/in/sophie-hu-797b66116,https://walkthechat.com,"We leverage AI technology to help brands gather insight and promote in China. 

Our proprietary Social Listening platform Doris uses Llama, OpenAI, ChatGPT, Google Computer Vision and LLM (Large Language Models) to summarize consumer sentiments, conduct competitor comparison, and help brands get actionable insights and make strategic decisions. 

We use semantic analysis to increase KOL collab efficiency, using AI to sort through 80,000 influencers and find the best fit with your brand. 

Our in-house copy-writing and design team are supercharged with proprietary AI technology to deliver outstanding creative asset generation and copywriting concept.   

Get in touch with us to learn more about AI powered China marketing solutions: https://walkthechat.com/",Not Yet Contacted,,2026-07-27T21:00:18.516Z,,Google,,No,0,0,2026-07-27,"Brand Marketing & Partnerships Contacts at SaaS, AI Tools & Tech Hardware Companies","Computer Software, Information Technology and Services, Computer Hardware, Semiconductors","Chief Marketing Officer, VP Marketing, Director of Marketing, Head of Marketing, Brand Manager, Partnership Manager, Influencer Marketing Manager, Head of Partnerships, Head of Influencer Marketing, Growth Marketing Manager, Partnerships Manager",,,"1-10, 11-20, 21-50, 51-100, 101-200",direct,"{""industry"":[""Computer Software"",""Information Technology and Services"",""Computer Hardware""],""keywordFilterInclude"":""brand marketing, influencer marketing, creator sponsorships, brand partnerships, marketing partnerships, affiliate marketing, digital marketing, content marketing""}",CONFIRMED,"""influencer"" — ""...ciency, using AI to sort through 80,000 influencers and find the best fit with your brand....""",YES
70be3398-bf7b-4809-a896-9aaa34f81eec,sophie@ko-fi.com,Sophie,S.,,Ko-fi,Community & Brand Manager,Software & Internet,,,United Kingdom,https://linkedin.com/in/sophie-s-65373395,https://ko-fi.com,"At Ko-fi, we're on a mission to empower creators to receive meaningful and financial support from their fans.

Creators of all kinds can set up a page - from artists, streamers, cosplayers, podcasters and more! Receive donations / tips, recurring monthly income through memberships, sell items or services, and even make money while streaming on Twitch or YouTube.

Anyone can create Ko-fi page and making a living doing what they love!",Not Yet Contacted,,2026-07-27T21:00:18.516Z,,Google,,No,0,0,2026-07-27,"Brand Marketing & Partnerships Contacts at SaaS, AI Tools & Tech Hardware Companies","Computer Software, Information Technology and Services, Computer Hardware, Semiconductors","Chief Marketing Officer, VP Marketing, Director of Marketing, Head of Marketing, Brand Manager, Partnership Manager, Influencer Marketing Manager, Head of Partnerships, Head of Influencer Marketing, Growth Marketing Manager, Partnerships Manager",,,"1-10, 11-20, 21-50, 51-100, 101-200",direct,"{""industry"":[""Computer Software"",""Information Technology and Services"",""Computer Hardware""],""keywordFilterInclude"":""brand marketing, influencer marketing, creator sponsorships, brand partnerships, marketing partnerships, affiliate marketing, digital marketing, content marketing""}",CONFIRMED,"""creator"" — ""...At Ko-fi, we're on a mission to empower creators to receive meaningful and financial su...""",YES
f4370516-1ac5-43e6-9c79-87166862536d,reenakshi@zealousweb.com,Reenakshi,Uniyal Soni,,Zealousweb,Brand Manager,Software & Internet,,,"Ahmedabad, Gujarat, India",https://linkedin.com/in/reenakshi-uniyal-soni-59257261,https://www.zealousweb.com/,"ZealousWeb, a white-label digital agency, has been driving innovation in the digital ecosystem for over 23 years. With 150+ dedicated professionals, we specialize in Web Development, Digital Marketing, and Mobile App solutions. As collaborators, creators, and contributors, we deliver optimal solutions aligned with our ceaseless zeal and client-focused approach.

Our culture aims to foster learning and promote holistic growth for the company and its stakeholders.  As you walk in through the doors of the ZealousWeb office, you'll find a bird representing us and our way of working. Our logo, the Sparrow, characterized as resourceful, opportunistic, social, highly adaptable, creative, consistent, and possessing an indomitable spirit, depicts our working style. 

Industries we work with:

- Healthcare & Lifesciences              - Consumer & Retail
- Banking & Financial Services          - Travel, Transportation & Hospitality
- Capital Markets                                - Energy, Utilities, Oil & Gas
- Insurance                                          - Construction & Real Estate
- Manufacturing                                  - Telecom
- Agriculture                                        - Education
- Automotive                                       - Media & Entertainment
- Chemicals                                         - Professional Services",Not Yet Contacted,,2026-07-27T21:00:05.897Z,,Google,,No,0,0,2026-07-27,"Brand Marketing & Partnerships Contacts at SaaS, AI Tools & Tech Hardware Companies","Computer Software, Information Technology and Services, Computer Hardware, Semiconductors","Chief Marketing Officer, VP Marketing, Director of Marketing, Head of Marketing, Brand Manager, Partnership Manager, Influencer Marketing Manager, Head of Partnerships, Head of Influencer Marketing, Growth Marketing Manager, Partnerships Manager",,,"1-10, 11-20, 21-50, 51-100, 101-200",direct,"{""industry"":[""Computer Software"",""Information Technology and Services"",""Computer Hardware""],""keywordFilterInclude"":""brand marketing, influencer marketing, creator sponsorships, brand partnerships, marketing partnerships, affiliate marketing, digital marketing, content marketing""}",CONFIRMED,"""creator"" — ""...Mobile App solutions. As collaborators, creators, and contributors, we deliver optimal...""",YES
ade1d17a-d29f-4ce9-81a9-e977f7a1d489,remi.chenu@upfluence.com,Rémi,Chenu,,Upfluence,SEO & Growth Marketing Manager,Software & Internet,,,"Toulouse, Occitanie, France",https://linkedin.com/in/chenuremi/en,https://upfluence.com,"Influencer marketing platform for eCommerce & social commerce, helping brands & agencies generate online sales through creators, affiliates & ambassadors. 

We're hiring! Check out our open positions here: https://upfluence.com/careers

Upfluence is the only influencer marketing software with a dedicated offering for eCommerce brands. We help brands drive online sales through organic influencer partnerships. Upfluence leverages social data, brand affinity and authenticity to turn your customers into your best performing influencers. Our data-driven approach to influencer marketing delivers a high ROI for each of our 1300+ clients.",Not Yet Contacted,,2026-07-27T21:00:05.897Z,,Google,,No,0,0,2026-07-27,"Brand Marketing & Partnerships Contacts at SaaS, AI Tools & Tech Hardware Companies","Computer Software, Information Technology and Services, Computer Hardware, Semiconductors","Chief Marketing Officer, VP Marketing, Director of Marketing, Head of Marketing, Brand Manager, Partnership Manager, Influencer Marketing Manager, Head of Partnerships, Head of Influencer Marketing, Growth Marketing Manager, Partnerships Manager",,,"1-10, 11-20, 21-50, 51-100, 101-200",direct,"{""industry"":[""Computer Software"",""Information Technology and Services"",""Computer Hardware""],""keywordFilterInclude"":""brand marketing, influencer marketing, creator sponsorships, brand partnerships, marketing partnerships, affiliate marketing, digital marketing, content marketing""}",CONFIRMED,"""influencer"" — ""...Influencer marketing platform for eCommerce & soci...""",YES
3e1f3997-e4a1-436d-a76b-2c86100e0c80,paola.giacoppo@sovendus.com,Paola,Giacoppo,,Sovendus,Partnership Manager ITALY,Software & Internet,,,"Lissone, Lombardy, Italy",https://linkedin.com/in/paola-giacoppo,https://www.sovendus.com,"We connect your brand with customers who buy.

Join 3,000+ tier-1 brands in Europe's brand partnership platform. We pioneered this model 18 years ago. Today we connect your brand with 60 million active shoppers to deliver new customers and incremental revenue.",Not Yet Contacted,,2026-07-27T21:00:05.897Z,,Microsoft,,No,0,0,2026-07-27,"Brand Marketing & Partnerships Contacts at SaaS, AI Tools & Tech Hardware Companies","Computer Software, Information Technology and Services, Computer Hardware, Semiconductors","Chief Marketing Officer, VP Marketing, Director of Marketing, Head of Marketing, Brand Manager, Partnership Manager, Influencer Marketing Manager, Head of Partnerships, Head of Influencer Marketing, Growth Marketing Manager, Partnerships Manager",,,"1-10, 11-20, 21-50, 51-100, 101-200",direct,"{""industry"":[""Computer Software"",""Information Technology and Services"",""Computer Hardware""],""keywordFilterInclude"":""brand marketing, influencer marketing, creator sponsorships, brand partnerships, marketing partnerships, affiliate marketing, digital marketing, content marketing""}",CONFIRMED,"""brand partnership"" — ""...Join 3,000+ tier-1 brands in Europe's brand partnership platform. We pioneered this model 18 ye...""",YES
9beb8f11-5a3c-4518-a433-053b60c461b7,oktorika@bintango.com,💃🏾 Oktorika,Mandasari 💃🏾,,Bintango Creator Powered Marketing & Live Commerce,Co-Founder & Chief Marketing Officer,Software & Internet,,,"Kota Administrasi Jakarta Pusat, DKI Jakarta, Indonesia",https://linkedin.com/in/rikabintango,http://www.bintango.com,"BintanGO helps brands increase sales through creator powered marketing and live commerce.

Maximize the impact of your marketing campaigns and eliminate the guesswork with our cost-effective creator marketing approach. As Meta and TikTok official business partners, BintanGO executes campaigns faster, better, and easier using advanced technology and in-depth analysis.",Not Yet Contacted,,2026-07-27T20:59:58.154Z,,Google,,No,0,0,2026-07-27,"Brand Marketing & Partnerships Contacts at SaaS, AI Tools & Tech Hardware Companies","Computer Software, Information Technology and Services, Computer Hardware, Semiconductors","Chief Marketing Officer, VP Marketing, Director of Marketing, Head of Marketing, Brand Manager, Partnership Manager, Influencer Marketing Manager, Head of Partnerships, Head of Influencer Marketing, Growth Marketing Manager, Partnerships Manager",,,"1-10, 11-20, 21-50, 51-100, 101-200",direct,"{""industry"":[""Computer Software"",""Information Technology and Services"",""Computer Hardware""],""keywordFilterInclude"":""brand marketing, influencer marketing, creator sponsorships, brand partnerships, marketing partnerships, affiliate marketing, digital marketing, content marketing""}",CONFIRMED,"""creator"" — ""...nGO helps brands increase sales through creator powered marketing and live commerce.  M...""",YES
418412d2-7065-496c-89e0-4b97ae50f6dd,neha.tomer@lbb.in,Neha,Tomer,,Lbb (little Black Book),Assistant Brand Manager Marketing,Software & Internet,,,"North West Delhi, Delhi, India",https://linkedin.com/in/neha-tomer-82b120123,https://lbb.in/,"LBB is India's favourite lifestyle guide to discover & explore #SomethingDifferent. With LBB, you can: 

> ACCESS new brands & products in Fashion, Home, Beauty & more 
> READ & watch expert recommendations and reviews 
> EXPERIENCE the best of local life through our City Guides 
> WIN Giveaways, Freebies and try new brands and products
> ATTEND Curated Events 
> EXPLORE curated shops

Over 20 million urban millennials trust LBB for its curation & recommendations. From celebrity home tours to influencer style tips to inspire you, LBB’s got the best of lifestyle finds for you.

LBB has raised over 7 Million USD from India's Top Investors such Chiratae Ventures, Athera Ventures, Blume Ventures & tech stalwarts like Rajan Anandan, Niraj Singh, Sachin Bhatia. In 2022, LBB was successfully acquired by Nykaa, India's premier lifestyle (Beauty, Fashion, Home) retailer. 
LBB continues to operate and grow independently.",Not Yet Contacted,,2026-07-27T20:59:58.154Z,,Google,,No,0,0,2026-07-27,"Brand Marketing & Partnerships Contacts at SaaS, AI Tools & Tech Hardware Companies","Computer Software, Information Technology and Services, Computer Hardware, Semiconductors","Chief Marketing Officer, VP Marketing, Director of Marketing, Head of Marketing, Brand Manager, Partnership Manager, Influencer Marketing Manager, Head of Partnerships, Head of Influencer Marketing, Growth Marketing Manager, Partnerships Manager",,,"1-10, 11-20, 21-50, 51-100, 101-200",direct,"{""industry"":[""Computer Software"",""Information Technology and Services"",""Computer Hardware""],""keywordFilterInclude"":""brand marketing, influencer marketing, creator sponsorships, brand partnerships, marketing partnerships, affiliate marketing, digital marketing, content marketing""}",CONFIRMED,"""influencer"" — ""...endations. From celebrity home tours to influencer style tips to inspire you, LBB’s got th...""",YES
ad594e1a-4e63-4765-bf9b-63367ea382aa,ndiem@peaksware.com,Noel,Diem,,Peaksware Holdings,Senior Growth Marketing Manager,Software & Internet,,,"Reading, Pennsylvania, United States",https://linkedin.com/in/noeldiem,http://www.peaksware.com,"We are musicians, athletes, coaches and teachers who truly believe in our mission to help people achieve their best. Our software platforms connect performers, instructors and creators enabling them to publish, teach and train using the principles of deliberate practice.

You may know us as TrainingPeaks, MakeMusic, TrainHeroic and Alfred Music. TrainingPeaks develops software for coaches and athletes to track, analyze and plan endurance training. TrainHeroic develops software solutions for the strength and conditioning needs of coaches and athletes. MakeMusic develops software to transform how music is composed, taught, learned and performed. Alfred Music creates and publishes educational music to help teachers, students, professionals and hobbyists experience the joy of making music. 

Peaksware has been featured in BuiltInColorado’s Top 100 Companies list since 2017 and our brands have been recognized in Outside Magazine’s “Best Places to Work” multiple years in a row. Peaksware has also been honored as a part of Mogul’s “Top 1,000 Companies for Millenial Women Worldwide”. We are proud of our company culture and of consistently being recognized, both locally and nationally, as a top workplace.

We would love to have you join our ever-growing team!",Not Yet Contacted,,2026-07-27T20:59:58.154Z,,Google,,No,0,0,2026-07-27,"Brand Marketing & Partnerships Contacts at SaaS, AI Tools & Tech Hardware Companies","Computer Software, Information Technology and Services, Computer Hardware, Semiconductors","Chief Marketing Officer, VP Marketing, Director of Marketing, Head of Marketing, Brand Manager, Partnership Manager, Influencer Marketing Manager, Head of Partnerships, Head of Influencer Marketing, Growth Marketing Manager, Partnerships Manager",,,"1-10, 11-20, 21-50, 51-100, 101-200",direct,"{""industry"":[""Computer Software"",""Information Technology and Services"",""Computer Hardware""],""keywordFilterInclude"":""brand marketing, influencer marketing, creator sponsorships, brand partnerships, marketing partnerships, affiliate marketing, digital marketing, content marketing""}",CONFIRMED,"""creator"" — ""...rms connect performers, instructors and creators enabling them to publish, teach and tr...""",YES
aef810fd-500f-4039-bf28-dcd22704e48f,neelabh.krishnan@kolsquare.com,Neelabh,Krishnan,,Kolsquare | B ™,Growth Marketing Manager,Software & Internet,,,"Paris, Île-de-France, France",https://linkedin.com/in/neelabhkrishnan,https://www.kolsquare.com/,"Kolsquare is Europe's leading influencer marketing platform, helping brands and agencies identify the right creators, manage campaigns end-to-end, and measure performance with confidence.

Our platform combines AI, Big Data, and real-time data to give marketing professionals a full overview of the creator economy, with access to 5M+ creators in 180 countries.

As a certified B Corporation, we're committed to responsible influence, championing transparency, ethical practices, and collaborations that create positive impact.

That's why we're trusted by Coca-Cola, Sephora, Publicis, Decathlon, Hermès and 2,000+ clients in 30+ countries.",Not Yet Contacted,,2026-07-27T20:59:58.154Z,,Google,,No,0,0,2026-07-27,"Brand Marketing & Partnerships Contacts at SaaS, AI Tools & Tech Hardware Companies","Computer Software, Information Technology and Services, Computer Hardware, Semiconductors","Chief Marketing Officer, VP Marketing, Director of Marketing, Head of Marketing, Brand Manager, Partnership Manager, Influencer Marketing Manager, Head of Partnerships, Head of Influencer Marketing, Growth Marketing Manager, Partnerships Manager",,,"1-10, 11-20, 21-50, 51-100, 101-200",direct,"{""industry"":[""Computer Software"",""Information Technology and Services"",""Computer Hardware""],""keywordFilterInclude"":""brand marketing, influencer marketing, creator sponsorships, brand partnerships, marketing partnerships, affiliate marketing, digital marketing, content marketing""}",CONFIRMED,"""influencer"" — ""...Kolsquare is Europe's leading influencer marketing platform, helping brands and...""",YES
50c45399-59ac-4b12-b165-cef5e812d9ab,mia@wearesuperb.com,Mia,Golding,,Superb Media,"Brand, Affiliate & Presenter Partnership Manager",Software & Internet,,,"London, England, United Kingdom",https://linkedin.com/in/mia-golding,http://www.wearesuperb.com,"Superb is a UK-based digital growth agency building the future of ecommerce, social commerce, and AI-powered retail.

We are proud to be TikTok Shop Agency of the Year, recognised for our leadership in live shopping, affiliate growth, and performance-led social commerce.

We help ambitious brands design, build, and scale high-performing commerce ecosystems by combining ecommerce platforms, TikTok Shop and live shopping, performance marketing, content, and intelligent automation. Our work connects discovery, conversion, and retention into a single, measurable growth engine.

Superb is one of the UK’s leading TikTok Shop agencies, delivering live shopping strategy and production, affiliate and creator programmes, paid media, content, and GMV optimisation. We work with brands across FMCG, beauty, wellness, consumer electronics, and lifestyle to turn attention into revenue through social-first commerce experiences.

Alongside social commerce, Superb has deep technical roots in ecommerce. We design, build, and optimise Shopify, Shopify Plus, Magento Open Source, Adobe Commerce, and modern headless architectures. Our teams support platform migrations, performance and conversion optimisation, integrations, security, and long-term roadmap delivery.

A growing part of our work focuses on Superb AI and the next generation of commerce experiences. This includes hyper-personalised shopping journeys, Agentic Commerce, AI-powered chat and voice, intelligent product discovery and merchandising, automated marketing workflows, and AI-driven insight tools that simplify operations and decision making.

Superb brings together strategy, creative, media, and engineering under one roof to help brands grow faster with elegant, scalable, and performance-led commerce experiences.",Not Yet Contacted,,2026-07-27T20:59:58.154Z,,Google,,No,0,0,2026-07-27,"Brand Marketing & Partnerships Contacts at SaaS, AI Tools & Tech Hardware Companies","Computer Software, Information Technology and Services, Computer Hardware, Semiconductors","Chief Marketing Officer, VP Marketing, Director of Marketing, Head of Marketing, Brand Manager, Partnership Manager, Influencer Marketing Manager, Head of Partnerships, Head of Influencer Marketing, Growth Marketing Manager, Partnerships Manager",,,"1-10, 11-20, 21-50, 51-100, 101-200",direct,"{""industry"":[""Computer Software"",""Information Technology and Services"",""Computer Hardware""],""keywordFilterInclude"":""brand marketing, influencer marketing, creator sponsorships, brand partnerships, marketing partnerships, affiliate marketing, digital marketing, content marketing""}",CONFIRMED,"""creator"" — ""...strategy and production, affiliate and creator programmes, paid media, content, and GM...""",YES
0a2da473-132c-431d-8ed0-ea70c16a9cba,morgane.rabenandrasana@kolsquare.com,Morgane,Rabenandrasana,,Kolsquare | B ™,Partnership Manager,Software & Internet,,,"Noisiel, Île-de-France, France",https://linkedin.com/in/morganerabenandrasana,https://www.kolsquare.com/,"Kolsquare is Europe's leading influencer marketing platform, helping brands and agencies identify the right creators, manage campaigns end-to-end, and measure performance with confidence.

Our platform combines AI, Big Data, and real-time data to give marketing professionals a full overview of the creator economy, with access to 5M+ creators in 180 countries.

As a certified B Corporation, we're committed to responsible influence, championing transparency, ethical practices, and collaborations that create positive impact.

That's why we're trusted by Coca-Cola, Sephora, Publicis, Decathlon, Hermès and 2,000+ clients in 30+ countries.",Not Yet Contacted,,2026-07-27T20:59:58.154Z,,Google,,No,0,0,2026-07-27,"Brand Marketing & Partnerships Contacts at SaaS, AI Tools & Tech Hardware Companies","Computer Software, Information Technology and Services, Computer Hardware, Semiconductors","Chief Marketing Officer, VP Marketing, Director of Marketing, Head of Marketing, Brand Manager, Partnership Manager, Influencer Marketing Manager, Head of Partnerships, Head of Influencer Marketing, Growth Marketing Manager, Partnerships Manager",,,"1-10, 11-20, 21-50, 51-100, 101-200",direct,"{""industry"":[""Computer Software"",""Information Technology and Services"",""Computer Hardware""],""keywordFilterInclude"":""brand marketing, influencer marketing, creator sponsorships, brand partnerships, marketing partnerships, affiliate marketing, digital marketing, content marketing""}",CONFIRMED,"""influencer"" — ""...Kolsquare is Europe's leading influencer marketing platform, helping brands and...""",YES
c539f9be-14db-467f-8fef-616663658daa,matthias@addrevenue.io,Matthias,Finke,,Addrevenue,Partnership Manager DACH,Software & Internet,,,"Stockholm, Stockholm County, Sweden",https://linkedin.com/in/matthias-finke-7636b51a2,https://addrevenue.io/,"We create profitable growth on your company's terms. You only pay when we perform. With addrevenue.io, you as an advertiser get access to a large network of affiliates (publishers like bloggers, instagram accounts, youtubers, comparison sites, niche content etc.) who are waiting to drive sales to your company. The service is completely devoid of fixed costs or binding periods. It's totally performance based.",Not Yet Contacted,,2026-07-27T20:59:54.276Z,,Google,,No,0,0,2026-07-27,"Brand Marketing & Partnerships Contacts at SaaS, AI Tools & Tech Hardware Companies","Computer Software, Information Technology and Services, Computer Hardware, Semiconductors","Chief Marketing Officer, VP Marketing, Director of Marketing, Head of Marketing, Brand Manager, Partnership Manager, Influencer Marketing Manager, Head of Partnerships, Head of Influencer Marketing, Growth Marketing Manager, Partnerships Manager",,,"1-10, 11-20, 21-50, 51-100, 101-200",direct,"{""industry"":[""Computer Software"",""Information Technology and Services"",""Computer Hardware""],""keywordFilterInclude"":""brand marketing, influencer marketing, creator sponsorships, brand partnerships, marketing partnerships, affiliate marketing, digital marketing, content marketing""}",CONFIRMED,"""affiliate"" — ""...rtiser get access to a large network of affiliates (publishers like bloggers, instagram a...""",YES
bd24d0b0-a210-4540-a8eb-dfd3e9e0f4ac,krishi.shah@trueloyal.com,Krishi,S.,,Trueloyal,Growth Marketing Manager,Software & Internet,,,"New York City, New York, United States",https://linkedin.com/in/krishishah27,https://www.trueloyal.com,"Loyalty isn’t a strategy. It isn’t software, a platform, or a tool – it’s earned. TrueLoyal empowers brands to create meaningful moments that strengthen relationships and fuel sustained engagement. Because true loyalty isn’t built on transactions alone – it’s built on experiences that matter.

TrueLoyal combines embedded loyalty experts with a robust platform delivering UGC, fan clubs, gamification, and complex loyalty programs - all natively integrated with leading commerce ecosystems. Our best-in-class receipt scanning technology unifies online and offline data, giving brands a complete view of customer behavior. With this connected foundation, brands can orchestrate engaging experiences that drive repeat purchase, increase lifetime value, influence key behaviors, and efficiently acquire new customers.",Not Yet Contacted,,2026-07-27T20:59:54.276Z,,Google,,No,0,0,2026-07-27,"Brand Marketing & Partnerships Contacts at SaaS, AI Tools & Tech Hardware Companies","Computer Software, Information Technology and Services, Computer Hardware, Semiconductors","Chief Marketing Officer, VP Marketing, Director of Marketing, Head of Marketing, Brand Manager, Partnership Manager, Influencer Marketing Manager, Head of Partnerships, Head of Influencer Marketing, Growth Marketing Manager, Partnerships Manager",,,"1-10, 11-20, 21-50, 51-100, 101-200",direct,"{""industry"":[""Computer Software"",""Information Technology and Services"",""Computer Hardware""],""keywordFilterInclude"":""brand marketing, influencer marketing, creator sponsorships, brand partnerships, marketing partnerships, affiliate marketing, digital marketing, content marketing""}",CONFIRMED,"""UGC"" — ""...perts with a robust platform delivering UGC, fan clubs, gamification, and complex l...""",YES
f3d77da5-bced-43f4-a82c-69147b903afb,laura.snook@riterz.com,Laura,Snook,,Riterz,Head of Marketing,Software & Internet,,,"Sunrise Beach, Queensland, Australia",https://linkedin.com/in/laura-snook-66a3b437,https://www.riterz.com,"Riterz is an AI powered fan activation platform that connects brands with sports audiences directly, without legacy sponsorship contracts.

For brands, Riterz uses proprietary algorithms to build a digital brand profile, match it to the highest affinity clubs and fan segments, and launch precision targeted campaigns across club digital channels with continuous AI led optimisation and full attribution.

For rights holders, Riterz turns fans and digital channels into a new revenue stream. AI maps audiences automatically, creates sellable media offers, and connects them with brands ready to book, without changing operations.

For agencies, Riterz adds AI led sports activation to your portfolio. Offer clients precision targeted fan campaigns with the emotional power of sport and the performance accountability of digital.

FC Barcelona's Innovation Hub invested in Riterz strengthening our position in the global sports ecosystem.

Under the hood, Riterz combines a deterministic data core with a layer of specialised AI agents.

Learn more at riterz.com. Follow and connect with us.",Not Yet Contacted,,2026-07-27T20:59:54.276Z,,Microsoft,,No,0,0,2026-07-27,"Brand Marketing & Partnerships Contacts at SaaS, AI Tools & Tech Hardware Companies","Computer Software, Information Technology and Services, Computer Hardware, Semiconductors","Chief Marketing Officer, VP Marketing, Director of Marketing, Head of Marketing, Brand Manager, Partnership Manager, Influencer Marketing Manager, Head of Partnerships, Head of Influencer Marketing, Growth Marketing Manager, Partnerships Manager",,,"1-10, 11-20, 21-50, 51-100, 101-200",direct,"{""industry"":[""Computer Software"",""Information Technology and Services"",""Computer Hardware""],""keywordFilterInclude"":""brand marketing, influencer marketing, creator sponsorships, brand partnerships, marketing partnerships, affiliate marketing, digital marketing, content marketing""}",CONFIRMED,"""sponsorship"" — ""...orts audiences directly, without legacy sponsorship contracts.  For brands, Riterz uses pro...""",YES
d6315bf4-2eea-4312-a3de-a7b40e2fe578,lynnette.lee@oneverseglobal.com,Lynnette,Lee,,Oneverse™,Head of Marketing,Software & Internet,,,"Kuala Lumpur, Kuala Lumpur, Malaysia",https://linkedin.com/in/lynnette-lee-xy,https://oneverseglobal.com/,"ONEVERSE is a digital innovation company building the future of gaming, creator influence, and interactive commerce in Southeast Asia.

With operations across Malaysia, Singapore, Indonesia, Thailand, Philippines, Taiwan, China, Hong Kong, and throughout LATAM and North America, ONEVERSE brings local cultural insight and regional scale to every partnership.

Headquartered in Singapore and backed by strategic investors, our ecosystem empowers partners to engage audiences, drive monetization, and build future-ready digital businesses.

From payments to platforms, content to communities, ONEVERSE is your partner in building the next generation of digital economies.

✉️ Connect with us to explore collaboration, partnerships, or investment opportunities at partnership@oneone.com",Not Yet Contacted,,2026-07-27T20:59:54.276Z,,Other,,No,0,0,2026-07-27,"Brand Marketing & Partnerships Contacts at SaaS, AI Tools & Tech Hardware Companies","Computer Software, Information Technology and Services, Computer Hardware, Semiconductors","Chief Marketing Officer, VP Marketing, Director of Marketing, Head of Marketing, Brand Manager, Partnership Manager, Influencer Marketing Manager, Head of Partnerships, Head of Influencer Marketing, Growth Marketing Manager, Partnerships Manager",,,"1-10, 11-20, 21-50, 51-100, 101-200",direct,"{""industry"":[""Computer Software"",""Information Technology and Services"",""Computer Hardware""],""keywordFilterInclude"":""brand marketing, influencer marketing, creator sponsorships, brand partnerships, marketing partnerships, affiliate marketing, digital marketing, content marketing""}",CONFIRMED,"""creator"" — ""...company building the future of gaming, creator influence, and interactive commerce in...""",YES
20d3a01f-857f-4dca-bc7f-7a57ecf0f62d,luke@dopamyn.fun,Luke,Angell,,Dopamyn,Chief Marketing Officer,Software & Internet,,,"Barcelona, Barcelona, Spain",https://linkedin.com/in/lukezangell,https://www.dopamyn.fun/,"Dopamyn is a decentralized platform revolutionizing how people and brands grow in the digital economy. Powered by AI and blockchain smart contracts, it eliminates middlemen, automates reward distribution, and enables anyone — from individual creators to global brands — to drive real engagement through verified, on-chain actions.

With Dopamyn, users can launch or join quests such as follows, likes, shares, or video views — all backed by transparent pricing and instant payouts. Every interaction is verified, secure, and fully automated, ensuring authenticity, fairness, and direct collaboration between campaign creators and participants.

By merging AI intelligence with blockchain transparency, Dopamyn is building a trustless, reward-driven ecosystem where growth is measurable, incentives are instant, and influence is decentralized.",Not Yet Contacted,,2026-07-27T20:59:54.276Z,,Google,,No,0,0,2026-07-27,"Brand Marketing & Partnerships Contacts at SaaS, AI Tools & Tech Hardware Companies","Computer Software, Information Technology and Services, Computer Hardware, Semiconductors","Chief Marketing Officer, VP Marketing, Director of Marketing, Head of Marketing, Brand Manager, Partnership Manager, Influencer Marketing Manager, Head of Partnerships, Head of Influencer Marketing, Growth Marketing Manager, Partnerships Manager",,,"1-10, 11-20, 21-50, 51-100, 101-200",direct,"{""industry"":[""Computer Software"",""Information Technology and Services"",""Computer Hardware""],""keywordFilterInclude"":""brand marketing, influencer marketing, creator sponsorships, brand partnerships, marketing partnerships, affiliate marketing, digital marketing, content marketing""}",CONFIRMED,"""creator"" — ""...n, and enables anyone — from individual creators to global brands — to drive real engag...""",YES
40d90ae0-30de-4649-ba82-8ede62846589,lea@lefty.io,Lea,M.,,Lefty,Head of Marketing,Software & Internet,,,"Noisiel, Île-de-France, France",https://linkedin.com/in/liyuan-mao-997642100,http://www.lefty.io,"Lefty is an influencer marketing platform that empowers brands to optimize their strategy and automate their workflow.

Lefty helps brands & agencies manage top-performing influencer programs: talent discovery & qualification, relationship management, automated campaign reporting, performance measurement, and competitive benchmarking. 

The world’s top Luxury and Lifestyle brands choose Lefty. We help brands such as Chanel, Dior, H&M, Sephora and so many more maximize their influencer insights and elevate their audience's brand experience. 

Boost results with Lefty & book your demo today!",Not Yet Contacted,,2026-07-27T20:59:54.276Z,,Google,,No,0,0,2026-07-27,"Brand Marketing & Partnerships Contacts at SaaS, AI Tools & Tech Hardware Companies","Computer Software, Information Technology and Services, Computer Hardware, Semiconductors","Chief Marketing Officer, VP Marketing, Director of Marketing, Head of Marketing, Brand Manager, Partnership Manager, Influencer Marketing Manager, Head of Partnerships, Head of Influencer Marketing, Growth Marketing Manager, Partnerships Manager",,,"1-10, 11-20, 21-50, 51-100, 101-200",direct,"{""industry"":[""Computer Software"",""Information Technology and Services"",""Computer Hardware""],""keywordFilterInclude"":""brand marketing, influencer marketing, creator sponsorships, brand partnerships, marketing partnerships, affiliate marketing, digital marketing, content marketing""}",CONFIRMED,"""influencer"" — ""...Lefty is an influencer marketing platform that empowers brands...""",YES
398451f9-a020-4aa6-bac9-910c109b66fd,lea@swavy.app,Lea-maria,Nahas,,Swavy,Head of Marketing,Software & Internet,,,"Beirut, Beirut, Lebanon",https://linkedin.com/in/lea-maria-nahas,http://www.swavy.com,"Global influencer marketing without agencies. Without tool stacks. Without guesswork.
Swavy uses AI to manage creator discovery, activation, and performance — all in one unified platform.",Not Yet Contacted,,2026-07-27T20:59:54.276Z,,Google,,No,0,0,2026-07-27,"Brand Marketing & Partnerships Contacts at SaaS, AI Tools & Tech Hardware Companies","Computer Software, Information Technology and Services, Computer Hardware, Semiconductors","Chief Marketing Officer, VP Marketing, Director of Marketing, Head of Marketing, Brand Manager, Partnership Manager, Influencer Marketing Manager, Head of Partnerships, Head of Influencer Marketing, Growth Marketing Manager, Partnerships Manager",,,"1-10, 11-20, 21-50, 51-100, 101-200",direct,"{""industry"":[""Computer Software"",""Information Technology and Services"",""Computer Hardware""],""keywordFilterInclude"":""brand marketing, influencer marketing, creator sponsorships, brand partnerships, marketing partnerships, affiliate marketing, digital marketing, content marketing""}",CONFIRMED,"""influencer"" — ""...Global influencer marketing without agencies. Without too...""",YES
56c96649-9142-40f9-98d0-a153276c77ee,lucas@euka.ai,Lucas,Xu,,Euka Ai,Creator Partnership Manager,Software & Internet,,,"New York City, New York, United States",https://linkedin.com/in/ziyan-lucas-xu,https://www.euka.ai,"Top e-commerce brands use Euka to drive TikTok Shop sales. Produce winning content in partnership with trending creators, then multiply content with our suite of AI content generation tools.",Not Yet Contacted,,2026-07-27T20:59:54.276Z,,Google,,No,0,0,2026-07-27,"Brand Marketing & Partnerships Contacts at SaaS, AI Tools & Tech Hardware Companies","Computer Software, Information Technology and Services, Computer Hardware, Semiconductors","Chief Marketing Officer, VP Marketing, Director of Marketing, Head of Marketing, Brand Manager, Partnership Manager, Influencer Marketing Manager, Head of Partnerships, Head of Influencer Marketing, Growth Marketing Manager, Partnerships Manager",,,"1-10, 11-20, 21-50, 51-100, 101-200",direct,"{""industry"":[""Computer Software"",""Information Technology and Services"",""Computer Hardware""],""keywordFilterInclude"":""brand marketing, influencer marketing, creator sponsorships, brand partnerships, marketing partnerships, affiliate marketing, digital marketing, content marketing""}",CONFIRMED,"""creator"" — ""...ng content in partnership with trending creators, then multiply content with our suite...""",YES
80b6282f-16b2-43e1-bf5b-3e2203662a38,julia.rahimirigi@sovendus.com,Julia,Rahimi Rigi,,Sovendus,Partnership Manager Benelux,Software & Internet,,,"Binnenstad, North Holland, Netherlands",https://linkedin.com/in/julia-rahimi-rigi-855187a2,https://www.sovendus.com,"We connect your brand with customers who buy.

Join 3,000+ tier-1 brands in Europe's brand partnership platform. We pioneered this model 18 years ago. Today we connect your brand with 60 million active shoppers to deliver new customers and incremental revenue.",Not Yet Contacted,,2026-07-27T20:59:46.749Z,,Microsoft,,No,0,0,2026-07-27,"Brand Marketing & Partnerships Contacts at SaaS, AI Tools & Tech Hardware Companies","Computer Software, Information Technology and Services, Computer Hardware, Semiconductors","Chief Marketing Officer, VP Marketing, Director of Marketing, Head of Marketing, Brand Manager, Partnership Manager, Influencer Marketing Manager, Head of Partnerships, Head of Influencer Marketing, Growth Marketing Manager, Partnerships Manager",,,"1-10, 11-20, 21-50, 51-100, 101-200",direct,"{""industry"":[""Computer Software"",""Information Technology and Services"",""Computer Hardware""],""keywordFilterInclude"":""brand marketing, influencer marketing, creator sponsorships, brand partnerships, marketing partnerships, affiliate marketing, digital marketing, content marketing""}",CONFIRMED,"""brand partnership"" — ""...Join 3,000+ tier-1 brands in Europe's brand partnership platform. We pioneered this model 18 ye...""",YES
2129e8c8-cf63-466a-b6fa-59daae5193fe,justin@boost.gg,Justin Rafael,Basco,,Boost,Chief Marketing Officer Co Founder,Software & Internet,,,United Arab Emirates,https://linkedin.com/in/justin-rafael-basco-7592649b,https://boost.gg,"Boost is a platform that powers high-quality, data-rich giveaways across Instagram, TikTok, YouTube, and more. Traditional on-platform giveaways don’t collect emails, are flooded with bots, and lack discovery. Boost solves this by hosting giveaways on its own platform, where creators and brands can verify participants, block fake users, and collect valuable first-party data like emails and demographics.

Used by global names like the Sidemen and Noah Schnapp, Boost helps turn viral moments into lasting growth by unlocking verified audiences and real insights — all in one seamless experience.",Not Yet Contacted,,2026-07-27T20:59:46.749Z,,Google,,No,0,0,2026-07-27,"Brand Marketing & Partnerships Contacts at SaaS, AI Tools & Tech Hardware Companies","Computer Software, Information Technology and Services, Computer Hardware, Semiconductors","Chief Marketing Officer, VP Marketing, Director of Marketing, Head of Marketing, Brand Manager, Partnership Manager, Influencer Marketing Manager, Head of Partnerships, Head of Influencer Marketing, Growth Marketing Manager, Partnerships Manager",,,"1-10, 11-20, 21-50, 51-100, 101-200",direct,"{""industry"":[""Computer Software"",""Information Technology and Services"",""Computer Hardware""],""keywordFilterInclude"":""brand marketing, influencer marketing, creator sponsorships, brand partnerships, marketing partnerships, affiliate marketing, digital marketing, content marketing""}",CONFIRMED,"""creator"" — ""...ng giveaways on its own platform, where creators and brands can verify participants, bl...""",YES
21e65ee7-60a5-4fa6-bb0d-e54befc50099,k.sukach@convertsocial.net,Kateryna,Sukach,,Convertsocial,Creator Partnership Manager,Software & Internet,,,"Cullera, Valencia, Spain",https://linkedin.com/in/kateryna-sukach-9938a4b1,https://convertsocial.net,"We love helping content creators boost revenues 🔥
We connect publishers and influencers with brands around the globe 🌐
ConvertSocial is a platform that helps brands looking for influencer marketing opportunities connect with influencers and content creators who wish to monetize their fan bases and traffic sources.",Not Yet Contacted,,2026-07-27T20:59:46.749Z,,Google,,No,0,0,2026-07-27,"Brand Marketing & Partnerships Contacts at SaaS, AI Tools & Tech Hardware Companies","Computer Software, Information Technology and Services, Computer Hardware, Semiconductors","Chief Marketing Officer, VP Marketing, Director of Marketing, Head of Marketing, Brand Manager, Partnership Manager, Influencer Marketing Manager, Head of Partnerships, Head of Influencer Marketing, Growth Marketing Manager, Partnerships Manager",,,"1-10, 11-20, 21-50, 51-100, 101-200",direct,"{""industry"":[""Computer Software"",""Information Technology and Services"",""Computer Hardware""],""keywordFilterInclude"":""brand marketing, influencer marketing, creator sponsorships, brand partnerships, marketing partnerships, affiliate marketing, digital marketing, content marketing""}",CONFIRMED,"""content creator"" — ""...We love helping content creators boost revenues 🔥 We connect publishers...""",YES
95eca808-80e3-462e-99bf-6aea62f070f7,kaitlin@beacons.ai,Kaitlin,Macholz,,Beacons Ai,Head of Marketing,Software & Internet,,,"New York City, New York, United States",https://linkedin.com/in/kaitlin-macholz,https://beacons.ai/,"Our mission at Beacons is to simplify the process for all creators. We are building a home online that helps creators build connections with their audiences and provides ease in monetizing their brand all while being given the creative freedom to fully customize their pages.

As the world moves online, we believe everyone should have their own website where they can fully express themselves. A website with your own branding and your message, and we strive to provide the building blocks for this new mobile, online world.",Not Yet Contacted,,2026-07-27T20:59:46.749Z,,Google,,No,0,0,2026-07-27,"Brand Marketing & Partnerships Contacts at SaaS, AI Tools & Tech Hardware Companies","Computer Software, Information Technology and Services, Computer Hardware, Semiconductors","Chief Marketing Officer, VP Marketing, Director of Marketing, Head of Marketing, Brand Manager, Partnership Manager, Influencer Marketing Manager, Head of Partnerships, Head of Influencer Marketing, Growth Marketing Manager, Partnerships Manager",,,"1-10, 11-20, 21-50, 51-100, 101-200",direct,"{""industry"":[""Computer Software"",""Information Technology and Services"",""Computer Hardware""],""keywordFilterInclude"":""brand marketing, influencer marketing, creator sponsorships, brand partnerships, marketing partnerships, affiliate marketing, digital marketing, content marketing""}",CONFIRMED,"""creator"" — ""...cons is to simplify the process for all creators. We are building a home online that he...""",YES
742d8e40-707f-4f39-b89b-34b528690a14,katarzyna.drzewicka@sovendus.com,Katarzyna,Drzewicka,,Sovendus,Partnership Manager Poland,Software & Internet,,,"Warsaw, Masovian Voivodeship, Poland",https://linkedin.com/in/katarzyna-drzewicka-2aba8817a,https://www.sovendus.com,"We connect your brand with customers who buy.

Join 3,000+ tier-1 brands in Europe's brand partnership platform. We pioneered this model 18 years ago. Today we connect your brand with 60 million active shoppers to deliver new customers and incremental revenue.",Not Yet Contacted,,2026-07-27T20:59:46.749Z,,Microsoft,,No,0,0,2026-07-27,"Brand Marketing & Partnerships Contacts at SaaS, AI Tools & Tech Hardware Companies","Computer Software, Information Technology and Services, Computer Hardware, Semiconductors","Chief Marketing Officer, VP Marketing, Director of Marketing, Head of Marketing, Brand Manager, Partnership Manager, Influencer Marketing Manager, Head of Partnerships, Head of Influencer Marketing, Growth Marketing Manager, Partnerships Manager",,,"1-10, 11-20, 21-50, 51-100, 101-200",direct,"{""industry"":[""Computer Software"",""Information Technology and Services"",""Computer Hardware""],""keywordFilterInclude"":""brand marketing, influencer marketing, creator sponsorships, brand partnerships, marketing partnerships, affiliate marketing, digital marketing, content marketing""}",CONFIRMED,"""brand partnership"" — ""...Join 3,000+ tier-1 brands in Europe's brand partnership platform. We pioneered this model 18 ye...""",YES
d0b36c48-f3b7-4029-b180-93f2a35f89ec,jagadeesh@cartrabbit.in,Jagadeesh,Krishnan,,Cartrabbit,Head of Marketing,Software & Internet,,,"Bengaluru, Karnataka, India",https://linkedin.com/in/jagadeeshkrishnan,http://cartrabbit.io/,"Cartrabbit is an eCommerce powerhouse driven by innovation. It began with J2Store for Joomla, then expanded to WordPress with Flycart, Retainful, WPLoyalty, and ShopJar. By prioritizing customer feedback and market demands, Cartrabbit has developed a comprehensive suite of solutions designed to simplify eCommerce for businesses, particularly in the SaaS domain, serving overseas market players in the US, UK, Australia, and Canada.

With a development center in Coimbatore, India, Cartrabbit continues to drive growth and success in the global eCommerce landscape, proudly serving a customer base of over 50,000 worldwide.

Our Product Suite
Milestones include Flycart's success with Discount Rules, Retainful's transformation into an email marketing and cart recovery platform, and the launch of loyalty programs with WPLoyalty and multi-channel eCommerce with ShopJar. Our portfolio also includes:
    • Afflr – Affiliate marketing solution
    • Upsell – Enhance sales through optimized upsell offers
    • WPRelay – WordPress-based email solution
    • WPBundle – A collection of essential plugins for WordPress eCommerce
    • WPMailPlus – Streamlined email marketing automation for eCommerce

With perseverance and a customer-centric approach, Cartrabbit continues to lead the industry in addressing the evolving needs of online retailers.",Not Yet Contacted,,2026-07-27T20:59:46.749Z,,Google,,No,0,0,2026-07-27,"Brand Marketing & Partnerships Contacts at SaaS, AI Tools & Tech Hardware Companies","Computer Software, Information Technology and Services, Computer Hardware, Semiconductors","Chief Marketing Officer, VP Marketing, Director of Marketing, Head of Marketing, Brand Manager, Partnership Manager, Influencer Marketing Manager, Head of Partnerships, Head of Influencer Marketing, Growth Marketing Manager, Partnerships Manager",,,"1-10, 11-20, 21-50, 51-100, 101-200",direct,"{""industry"":[""Computer Software"",""Information Technology and Services"",""Computer Hardware""],""keywordFilterInclude"":""brand marketing, influencer marketing, creator sponsorships, brand partnerships, marketing partnerships, affiliate marketing, digital marketing, content marketing""}",CONFIRMED,"""affiliate"" — ""...portfolio also includes:     • Afflr – Affiliate marketing solution     • Upsell – Enhan...""",YES
80520193-9b2a-4023-92ab-db3514312d32,julia.berbey@sovendus.com,Julia,Berbey,,Sovendus,Partnership manager,Software & Internet,,,France,https://linkedin.com/in/juliaberbey,https://www.sovendus.com,"We connect your brand with customers who buy.

Join 3,000+ tier-1 brands in Europe's brand partnership platform. We pioneered this model 18 years ago. Today we connect your brand with 60 million active shoppers to deliver new customers and incremental revenue.",Not Yet Contacted,,2026-07-27T20:59:46.749Z,,Microsoft,,No,0,0,2026-07-27,"Brand Marketing & Partnerships Contacts at SaaS, AI Tools & Tech Hardware Companies","Computer Software, Information Technology and Services, Computer Hardware, Semiconductors","Chief Marketing Officer, VP Marketing, Director of Marketing, Head of Marketing, Brand Manager, Partnership Manager, Influencer Marketing Manager, Head of Partnerships, Head of Influencer Marketing, Growth Marketing Manager, Partnerships Manager",,,"1-10, 11-20, 21-50, 51-100, 101-200",direct,"{""industry"":[""Computer Software"",""Information Technology and Services"",""Computer Hardware""],""keywordFilterInclude"":""brand marketing, influencer marketing, creator sponsorships, brand partnerships, marketing partnerships, affiliate marketing, digital marketing, content marketing""}",CONFIRMED,"""brand partnership"" — ""...Join 3,000+ tier-1 brands in Europe's brand partnership platform. We pioneered this model 18 ye...""",YES
af05f5ff-d945-4050-93d4-39a78c8fc567,ipek@social-army.io,İpek,Arı,,Social Impact,Brand Manager,Software & Internet,,,Netherlands,https://linkedin.com/in/ipek-ari,https://social-army.io/,"At Social Army, we empower brands and creators to maximize their potential on TikTok. Through our platform and strong community of top creators, we help brands reach new audiences, boost sales, and create impactful campaigns.",Not Yet Contacted,,2026-07-27T20:59:40.689Z,,Google,,No,0,0,2026-07-27,"Brand Marketing & Partnerships Contacts at SaaS, AI Tools & Tech Hardware Companies","Computer Software, Information Technology and Services, Computer Hardware, Semiconductors","Chief Marketing Officer, VP Marketing, Director of Marketing, Head of Marketing, Brand Manager, Partnership Manager, Influencer Marketing Manager, Head of Partnerships, Head of Influencer Marketing, Growth Marketing Manager, Partnerships Manager",,,"1-10, 11-20, 21-50, 51-100, 101-200",direct,"{""industry"":[""Computer Software"",""Information Technology and Services"",""Computer Hardware""],""keywordFilterInclude"":""brand marketing, influencer marketing, creator sponsorships, brand partnerships, marketing partnerships, affiliate marketing, digital marketing, content marketing""}",CONFIRMED,"""creator"" — ""...At Social Army, we empower brands and creators to maximize their potential on TikTok....""",YES
533e2517-1fb2-4880-a339-d24cf59bb949,eva.bouzi@generation-y.gr,Eva,Bouzi,,Generation Y - International E-business Hub,Head of Marketing,Software & Internet,,,Greece,https://linkedin.com/in/eva-bouzi-2541a94b,http://www.generation-y.net,"Founded in 2000, Generation Y is a market leader, innovative internet consulting, web design and development agency that helps clients to drive cost-effective sales and support their brand awareness to the public. Generation Y’s services include Custom Web Applications, Customized Web Design, Custom Mobile Applications, Customized Digital Marketing, Search Engine Optimization, Affiliate Marketing, Conversion Mining, Social Media Strategies, Web Hosting and more. Clients include Alumil SA, Hotel Grande Bretagne, Nak Shoes, MEES, Adidas, Asics, Imperial Torte Vienna, Hellenic Duty Free Shops, Pharmacy295, Medisyn and Aigaion Insurance Company SA. among others",Not Yet Contacted,,2026-07-27T20:59:40.689Z,,Microsoft,,No,0,0,2026-07-27,"Brand Marketing & Partnerships Contacts at SaaS, AI Tools & Tech Hardware Companies","Computer Software, Information Technology and Services, Computer Hardware, Semiconductors","Chief Marketing Officer, VP Marketing, Director of Marketing, Head of Marketing, Brand Manager, Partnership Manager, Influencer Marketing Manager, Head of Partnerships, Head of Influencer Marketing, Growth Marketing Manager, Partnerships Manager",,,"1-10, 11-20, 21-50, 51-100, 101-200",direct,"{""industry"":[""Computer Software"",""Information Technology and Services"",""Computer Hardware""],""keywordFilterInclude"":""brand marketing, influencer marketing, creator sponsorships, brand partnerships, marketing partnerships, affiliate marketing, digital marketing, content marketing""}",CONFIRMED,"""affiliate"" — ""...Marketing, Search Engine Optimization, Affiliate Marketing, Conversion Mining, Social Me...""",DOMAIN_MISMATCH
5331e6e6-3a41-4b84-a861-1cc3a51f5f1e,darijan.matevski@vidiq.com,Darijan,Matevski,,Vidiq,Senior Growth Marketing Manager,Software & Internet,,,"Gent, Flanders, Belgium",https://linkedin.com/in/matevski,https://vidiq.com,"vidIQ combines heart-led creator coaching with leading technology to unlock your true potential on YouTube. We provide an end-to-end solution that assists YouTube creators in every step of their workflow, including uploading their videos at the best time of day, creating click-worthy titles and thumbnails, monitoring viewer and engagement analytics, and identifying and learning from competitors.

Ready to grow your channel? 

Sign up for free @ http://vidiq.com/",Not Yet Contacted,,2026-07-27T20:59:37.105Z,,Google,,No,0,0,2026-07-27,"Brand Marketing & Partnerships Contacts at SaaS, AI Tools & Tech Hardware Companies","Computer Software, Information Technology and Services, Computer Hardware, Semiconductors","Chief Marketing Officer, VP Marketing, Director of Marketing, Head of Marketing, Brand Manager, Partnership Manager, Influencer Marketing Manager, Head of Partnerships, Head of Influencer Marketing, Growth Marketing Manager, Partnerships Manager",,,"1-10, 11-20, 21-50, 51-100, 101-200",direct,"{""industry"":[""Computer Software"",""Information Technology and Services"",""Computer Hardware""],""keywordFilterInclude"":""brand marketing, influencer marketing, creator sponsorships, brand partnerships, marketing partnerships, affiliate marketing, digital marketing, content marketing""}",CONFIRMED,"""creator"" — ""...vidIQ combines heart-led creator coaching with leading technology to unl...""",YES
716f9f79-2caf-484c-8d5f-9a1f1fa9c12f,asif@digiaff.com,Asif,Siddiqui,,Digiaff,Growth Marketing Manager,Software & Internet,,,"North West Delhi, Delhi, India",https://linkedin.com/in/asifsiddiqui786,https://digiaff.com,"DIGIAFF is a leading ad agency, affiliate, and performance marketing network with global coverage. We are among India’s fastest-growing digital marketing companies, offering web design, SEO, media buying, and campaign management to help brands and businesses achieve measurable growth.

We work with enterprises, startups, and other agencies to showcase products and services, drive high-quality traffic, and maximize ad revenues. Our expertise spans affiliate marketing, performance campaigns, and customized advertising strategies for every industry.

With a 100% performance-based model, you only pay when we deliver results. Available 24/7, we are committed to ensuring your brand reaches the right audience and converts visitors into loyal customers.",Not Yet Contacted,,2026-07-27T20:59:31.361Z,,Google,,No,0,0,2026-07-27,"Brand Marketing & Partnerships Contacts at SaaS, AI Tools & Tech Hardware Companies","Computer Software, Information Technology and Services, Computer Hardware, Semiconductors","Chief Marketing Officer, VP Marketing, Director of Marketing, Head of Marketing, Brand Manager, Partnership Manager, Influencer Marketing Manager, Head of Partnerships, Head of Influencer Marketing, Growth Marketing Manager, Partnerships Manager",,,"1-10, 11-20, 21-50, 51-100, 101-200",direct,"{""industry"":[""Computer Software"",""Information Technology and Services"",""Computer Hardware""],""keywordFilterInclude"":""brand marketing, influencer marketing, creator sponsorships, brand partnerships, marketing partnerships, affiliate marketing, digital marketing, content marketing""}",CONFIRMED,"""affiliate"" — ""...DIGIAFF is a leading ad agency, affiliate, and performance marketing network with...""",YES
ad8c6913-490a-4c59-9ddb-ea01082c9238,anjali@digitaltechmedia.in,Anjali,Sethi Joshi,,Digitaltech Media (dtmers),Head of Marketing and Co-Founder,Software & Internet,,,"New Delhi, Delhi, India",https://linkedin.com/in/anjali-sethi-joshi,https://www.digitaltechmedia.in/,"Established in July 2020, Digitaltech Media is a fast-expanding media house that offers a one-of-a-kind B2b digital magazine (Digitaltech Media) for technology users, providers, buyers, experts, and readers alike. We also own a digital property (digitaltechmedia.in), designed to offer quality content spanning varied categories, including technology news, views, information, product reviews, updates & more. We have also been at the forefront of delivering superior design & execution services aside from the best marketing strategies & implementation to help clients meet their business objectives and goals.
    As a specialty media group, our prime focus has been on innovation and delivering quality and accurate content in the field of Information Technology. Our team of designers, technical experts, and execution specialists focus on understanding client-specific requirements to ensure the best outcomes for their designing, marketing, content, and related projects.
   With over a year in the industry, we have managed to carve our niche while partnering with prominent IT Brands such as Sophos, SonicWall, Virsec, and Tata Teleservices, among others. We have also received strong support from premier IT associations & bodies, including Mumbai-based ISODA and Bengaluru-based ASIRT.
   We emphasize generating out-of-the-box content that concerns our readers. Our team of writers, innovators, creators, thinkers, designers, technical and digital media specialists have been at the helm of this growth, resulting in a powerful brand that continues to strengthen its presence with every edition.
With years of industry know-how and experience behind us, our team of feature writers, reporters, and news creators is driven by a passion for creating relevant, creative, well-researched, and reliable content that matters. A strong will to succeed, coupled with our ability to innovate, has enabled us to cater to information-hungry tech-buyers, enterprise channel partners, game-changers...",Not Yet Contacted,,2026-07-27T20:59:31.361Z,,Google,,No,0,0,2026-07-27,"Brand Marketing & Partnerships Contacts at SaaS, AI Tools & Tech Hardware Companies","Computer Software, Information Technology and Services, Computer Hardware, Semiconductors","Chief Marketing Officer, VP Marketing, Director of Marketing, Head of Marketing, Brand Manager, Partnership Manager, Influencer Marketing Manager, Head of Partnerships, Head of Influencer Marketing, Growth Marketing Manager, Partnerships Manager",,,"1-10, 11-20, 21-50, 51-100, 101-200",direct,"{""industry"":[""Computer Software"",""Information Technology and Services"",""Computer Hardware""],""keywordFilterInclude"":""brand marketing, influencer marketing, creator sponsorships, brand partnerships, marketing partnerships, affiliate marketing, digital marketing, content marketing""}",CONFIRMED,"""creator"" — ""...aders. Our team of writers, innovators, creators, thinkers, designers, technical and di...""",YES
24981466-d51c-4460-a6d1-fc271834638c,anna@hypeauditor.com,Anna,Komok,,Hypeauditor,Chief Marketing Officer,Software & Internet,,,"Limassol, Limassol District (Leymasun), Cyprus",https://linkedin.com/in/anna-komok,https://www.hypeauditor.com,"HypeAuditor is an all-in-one solution for influencer marketers that provides essential tools for successful campaigns and goes beyond the “standard tool” concept. Our platform offers a digital area for you to find relevant and safe influencers across our 75+ million profile database. Create, track, and manage campaigns with automatic calculations of core metrics (CPE, EMV, ROI, Engagement rate, and other crucial KPIs). Produce and pitch branded media plans, integrate your eCommerce store, and analyze competitors and trending content to succeed in influencer marketing.",Not Yet Contacted,,2026-07-27T20:59:31.361Z,,Google,,No,0,0,2026-07-27,"Brand Marketing & Partnerships Contacts at SaaS, AI Tools & Tech Hardware Companies","Computer Software, Information Technology and Services, Computer Hardware, Semiconductors","Chief Marketing Officer, VP Marketing, Director of Marketing, Head of Marketing, Brand Manager, Partnership Manager, Influencer Marketing Manager, Head of Partnerships, Head of Influencer Marketing, Growth Marketing Manager, Partnerships Manager",,,"1-10, 11-20, 21-50, 51-100, 101-200",direct,"{""industry"":[""Computer Software"",""Information Technology and Services"",""Computer Hardware""],""keywordFilterInclude"":""brand marketing, influencer marketing, creator sponsorships, brand partnerships, marketing partnerships, affiliate marketing, digital marketing, content marketing""}",CONFIRMED,"""influencer"" — ""...peAuditor is an all-in-one solution for influencer marketers that provides essential tools...""",YES
